domaine,cas_4_4,livrables,inexploitables,risques
32ad.com.ng,1 - deja repondu (deviner),,adebisi.adetayo@32ad.com.ng bisi@32ad.com.ng,
acceleratetv.com,1 - deja repondu (format livrable connu),colette.otusheso@acceleratetv.com,,
adesaproductionslimited.com,1 - deja repondu (deviner),,afeafa.nfojoh@adesaproductionslimited.com,
animaxfybstudios.com,1 - deja repondu (deviner),,francis.brown@animaxfybstudios.com francis@animaxfybstudios.com fbrown@animaxfybstudios.com,
anthillstudios.com,2 - catch-all constate (ne pas deviner),,,niyi.akinmolayan@anthillstudios.com
area46.co.zw,1 - deja repondu (format livrable connu),joe@area46.co.zw,,
basementanimation.com,1 - deja repondu (deviner),,johnson.mbuotidem@basementanimation.com johnson@basementanimation.com jmbuotidem@basementanimation.com,
blackbrain.co.za,1 - deja repondu (deviner),,mandla@blackbrain.co.za,
both-worlds.com,1 - deja repondu (format livrable connu),thierry@both-worlds.com,thierry.cassuto@both-worlds.com,tcassuto@both-worlds.com
bsiff.org,2 - catch-all constate (ne pas deviner),,,juliet@bsiff.org
cardova.tv,1 - deja repondu (format livrable connu),patience.stevens@cardova.tv,,
charterhouseghana.com,2 - catch-all constate (ne pas deviner),,,theresa@charterhouseghana.com
chocolatetribe.com,1 - deja repondu (deviner),,nosipho.maketo-vandenbragt@chocolatetribe.com nmaketo@chocolatetribe.com nosipho@chocolatetribe.com,
creatures.africa,2 - catch-all constate (ne pas deviner),,,raymond.malinga@creatures.africa
creelestudios.com,1 - deja repondu (deviner),,nissi@creelestudios.com,
diprente.co.za,1 - deja repondu (format livrable connu),kagiso@diprente.co.za tamsin@diprente.co.za,,
dnrstudios.co.ke,1 - deja repondu (format livrable connu),eugene@dnrstudios.co.ke,eugene.mbugua@dnrstudios.co.ke,
dric.rw,1 - deja repondu (format livrable connu),cedric@dric.rw,,
ebonylifemedia.com,1 - deja repondu (format livrable connu),mo@ebonylifemedia.com,mo.abudu@ebonylifemedia.com,
fancyhorsestudios.com,1 - deja repondu (format livrable connu),dianne@fancyhorsestudios.com,,
fatboyanimations.com,1 - deja repondu (deviner),,michael@fatboyanimations.com,
fergusonfilms.co.za,1 - deja repondu (format livrable connu),connie@fergusonfilms.co.za,,
filmafrika.com,1 - deja repondu (deviner),,rudi.vanas@filmafrika.com,
freehandmovement.com,1 - deja repondu (deviner),,chief@freehandmovement.com,
giantfilms.tv,1 - deja repondu (format livrable connu),cindy@giantfilms.tv,,
gmail.com,1 - deja repondu (format livrable connu),studiozubaa@gmail.com,,
goldeneffectspictures.com,1 - deja repondu (format livrable connu),kunle@goldeneffectspictures.com,,
goldenroad.tv,1 - deja repondu (format livrable connu),david@goldenroad.tv,,
greoh.com,2 - catch-all constate (ne pas deviner),,,jadesola@greoh.com
groundglass.co.za,1 - deja repondu (format livrable connu),janette@groundglass.co.za,,
imitana.com,1 - deja repondu (deviner),,philbert@imitana.com pmbabazi@imitana.com,
inkblotproductions.com,1 - deja repondu (deviner),,naz.onuzo@inkblotproductions.com zulumoke.oyibo@inkblotproductions.com nonuzo@inkblotproductions.com zoyibo@inkblotproductions.com,naz@inkblotproductions.com zulumoke@inkblotproductions.com
insigniaproductions.global,1 - deja repondu (format livrable connu),pbresson@insigniaproductions.global gkahaki@insigniaproductions.global,grace.kahaki@insigniaproductions.global philippe.bresson@insigniaproductions.global philippe@insigniaproductions.global grace@insigniaproductions.global,
invisionworld.com,1 - deja repondu (deviner),,charles.mugaviri@invisionworld.com blessing.chinanga@invisionworld.com denise.edwards@invisionworld.com,
jengavisuals.co.ke,2 - catch-all constate (ne pas deviner),,,audrey@jengavisuals.co.ke
kemiadetiba.com,1 - deja repondu (format livrable connu),kemi@kemiadetiba.com,,
kijiweniproductions.com,1 - deja repondu (deviner),,amil.shivji@kijiweniproductions.com ashivji@kijiweniproductions.com amil@kijiweniproductions.com,
kirurimfn.com,1 - deja repondu (deviner),,ryumugabe@kirurimfn.com,
knownassociates.co.za,1 - deja repondu (deviner),,moroba.nkawe@knownassociates.co.za mnkawe@knownassociates.co.za moroba@knownassociates.co.za,
lbxafrica.com,1 - deja repondu (format livrable connu),ssoko@lbxafrica.com,sam.soko@lbxafrica.com sam@lbxafrica.com,
letiarts.com,1 - deja repondu (deviner),,eyram.tawia@letiarts.com,etawia@letiarts.com
luma.co.za,1 - deja repondu (format livrable connu),paul@luma.co.za,,
mg.com.gh,2 - catch-all constate (ne pas deviner),,,afeafa.nfojoh@mg.com.gh
morula.co.za,1 - deja repondu (deviner),,mfundi.vundla@morula.co.za,
movingshotpictures.com,2 - catch-all constate (ne pas deviner),,,oscar.nyamu@movingshotpictures.com
nabwisofilms.com,1 - deja repondu (format livrable connu),mathew@nabwisofilms.com eleanor@nabwisofilms.com,mathew.nabwiso@nabwisofilms.com eleanor.nabwiso@nabwisofilms.com,
nalostudios.com,1 - deja repondu (format livrable connu),naddya@nalostudios.com,,
nemsiastudios.com,2 - catch-all constate (ne pas deviner),,,derin.adeyokunnu@nemsiastudios.com bb.sasore@nemsiastudios.com
nilemediagroup.com,1 - deja repondu (deviner),,moses@nilemediagroup.com,
nouvellefilms.com,1 - deja repondu (deviner),,yusuf.afolayan@nouvellefilms.com femi.dapson@nouvellefilms.com,
obscurafilms.studio,2 - catch-all constate (ne pas deviner),,,kalai@obscurafilms.studio
onastories.com,1 - deja repondu (format livrable connu),tulanana@onastories.com,,
orangevfx.com,1 - deja repondu (format livrable connu),richard@orangevfx.com,richard.oboh@orangevfx.com,
philitproductions.tv,1 - deja repondu (format livrable connu),philip@philitproductions.tv,,abel@philitproductions.tv abel.mutua@philitproductions.tv philip.karanja@philitproductions.tv
pixcomm.co.za,1 - deja repondu (format livrable connu),nic@pixcomm.co.za,,
playnetworkstudios.com,1 - deja repondu (deviner),,charles@playnetworkstudios.com,
quadronstudios.com,1 - deja repondu (format livrable connu),uche@quadronstudios.com,,
quizzical.co.za,1 - deja repondu (format livrable connu),harriet@quizzical.co.za,,harriet.gavshon@quizzical.co.za
radioxityacademy.org,2 - catch-all constate (ne pas deviner),,,esther@radioxityacademy.org
redpepper.co.za,1 - deja repondu (format livrable connu),cecil@redpepper.co.za,,
sanaafilms.com,1 - deja repondu (deviner),,sanaa@sanaafilms.com smothabisa@sanaafilms.com,
seamonster.co.za,1 - deja repondu (format livrable connu),glenn@seamonster.co.za,,
seriti.tv,1 - deja repondu (format livrable connu),leanne@seriti.tv,,
shotbygiraffe.com,1 - deja repondu (format livrable connu),nick@shotbygiraffe.com,,
silverbullet.co.za,1 - deja repondu (format livrable connu),diana@silverbullet.co.za,,
sinisterstudio.co.za,1 - deja repondu (format livrable connu),christian@sinisterstudio.co.za,,
sirnare.com,1 - deja repondu (deviner),,kelvin.shani@sirnare.com,kshani@sirnare.com kelvin@sirnare.com
smidanimation.com,1 - deja repondu (deviner),,damilola.solesi@smidanimation.com,
sparrowstation.com,1 - deja repondu (deviner),,shirley.frimpong-manso@sparrowstation.com,
spierfilms.com,1 - deja repondu (deviner),,michael@spierfilms.com,
stainedglass.tv,1 - deja repondu (deviner),,gugu.zuma-ncube@stainedglass.tv gzuma@stainedglass.tv gugu@stainedglass.tv,
studiobo.io,1 - deja repondu (format livrable connu),richard@studiobo.io,,
studiozubaa.com,2 - catch-all constate (ne pas deviner),,,kahenya@studiozubaa.com
sunriseproductions.tv,1 - deja repondu (format livrable connu),phil.cunningham@sunriseproductions.tv jacqui.cunningham@sunriseproductions.tv,,
swangzavenue.com,1 - deja repondu (format livrable connu),benon@swangzavenue.com,benon.mugumbya@swangzavenue.com,
taepsanimation.com,1 - deja repondu (deviner),,adeoyin.okuboyejo@taepsanimation.com ayobami.bello@taepsanimation.com abello@taepsanimation.com aokuboyejo@taepsanimation.com ayobami@taepsanimation.com adeoyin@taepsanimation.com,
tai.or.tz,1 - deja repondu (format livrable connu),gwamaka.mwabuka@tai.or.tz,,
thecomicrepublic.com,1 - deja repondu (deviner),,jide.martin@thecomicrepublic.com jide@thecomicrepublic.com,
therefinery.co.za,1 - deja repondu (deviner),,chris.heaton@therefinery.co.za,
triggerfish.com,1 - deja repondu (format livrable connu),stuart.forrest@triggerfish.com,emma.kaye@triggerfish.com,
uhuruproductions.co.za,1 - deja repondu (deviner),,rehad@uhuruproductions.co.za rdesai@uhuruproductions.co.za,
urucumedia.com,1 - deja repondu (deviner),,cait@urucumedia.com,
vxanimation.com,1 - deja repondu (deviner),,somto.ajuluchukwu@vxanimation.com sajuluchukwu@vxanimation.com somto@vxanimation.com,
zuri24media.com,2 - catch-all constate (ne pas deviner),,,femi@zuri24media.com
