categorie,marque,entiteQuiAchete,pays,preuveAchatPresse,decideurFonction,decideurNom,agenceMedia,saisonnalite,ticketEstime,methodeEstimation,sourceUrl,dateSource,niveauPreuve,aVerifier,priorite
"Conseil / audit","Forvis Mazars","Forvis Mazars Group (direction communication groupe, Paris) + bureaux Afrique","France / CI / Maroc","Sponsor des Africa CEO Forum Awards 2025 et 2026 (6e annee consecutive selon le cabinet) ; sponsor d'Ambition Africa (Business France, Bercy) pour la 5e annee en 2025","Directeur(trice) communication / marketing groupe ; associe(e) responsable Afrique","","Non identifiee","Mai (ACF) et novembre (Ambition Africa) : budgets evenementiels Afrique recurrents","6 000-12 000 EUR","2-3 pages ou 1 publireportage double page x tarif H ; Hypothese H: page AEB 2 000-4 000 EUR HT (tarif AEB non publie, A VALIDER AVEC MAX)","https://www.forvismazars.com/group/en/who-we-are/news-publications/latest-news/africa-ceo-forum-awards-2026 ; https://www.forvismazars.com/group/en/who-we-are/news-publications/latest-news/shaping-trade-relations-at-ambition-africa","2026-05 ; 2025-11","VERIFIE","Achat presse (et non seulement evenementiel) non verifie ; nom du decideur Afrique","P1"
"Agence de promotion des investissements","CEPICI (Centre de Promotion des Investissements en Cote d'Ivoire)","CEPICI, Direction communication / marketing pays","Cote d'Ivoire / France","Sponsor du side event 'Investir en Cote d'Ivoire' en marge de l'Africa CEO Forum 2025 (Abidjan) ; present au Forum d'affaires Cote d'Ivoire de Business France (Paris, 26 mars 2026)","Directeur(trice) communication et marketing ; Directeur general","","Non identifiee","Calendrier budgetaire public (annee civile) ; pics autour des forums (mai ACF, mars Paris, roadshows)","4 000-12 000 EUR","1 publireportage double page + 1-2 pages x tarif H ; Hypothese H: page AEB 2 000-4 000 EUR HT (tarif AEB non publie, A VALIDER AVEC MAX)","https://news.abidjan.net/articles/741621/cote-divoire-le-cepici-sponsorise-le-side-event-investir-en-cote-divoire-en-marge-de-lafrica-ceo-forum-2025 ; https://www.b2match.com/e/forum-d-affaires-cote-d-ivoire","2025-05-12 ; 2026-03","VERIFIE","Procedure d'achat public (bon de commande, appel d'offres ?) ; nom du DG/directeur com a sourcer","P1"
"Promotion immobiliere diaspora","Groupe Alliances (Alliances Developpement Immobilier)","Alliances Developpement Immobilier, Casablanca (direction marketing / diaspora)","Maroc / France / Belgique","Exposant au SMAP Immo Paris (20e edition, 23-25 mai 2025, 30 ans du groupe, 20 ans d'accompagnement diaspora) ; exposant au SMAP Expo Bruxelles (27-29 mars 2026)","Directeur general delegue ; directeur(trice) marketing","Youssef Kabbaj (DG delegue, cite par le360)","Non identifiee","Printemps (salons mars-juin) et ete MRE (juin-sept)","4 000-9 000 EUR","1 page x 2-3 numeros avant salons + numero ete ; Hypothese H: page AEB 2 000-4 000 EUR HT (tarif AEB non publie, A VALIDER AVEC MAX)","https://fr.le360.ma/economie/le-groupe-alliances-celebre-les-marocains-du-monde-au-smap-immo-a-paris_I5H7E5ENJNEGDPU537NN5IV6NA/ ; https://fr.le360.ma/economie/bruxelles-le-groupe-alliances-a-la-rencontre-des-marocains-du-monde-pour-le-smap-expo-2026_AXFO2W2XPZCBBL5PFDQ2MB2CWY/","2025-05 ; 2026-03","VERIFIE","Fonction actuelle de Y. Kabbaj a reconfirmer ; achat presse France non verifie","P1"
"Promotion immobiliere diaspora","Groupe Al Omrane","Holding Al Omrane (etablissement public), direction commerciale / communication","Maroc / France / Belgique","Organise 'Al Omrane Expo Marocains du monde 2026' : Paris 13-15 fev. 2026, puis Bruxelles, Amsterdam (12-14 juin), Barcelone (26-28 juin)","Directeur(trice) communication ; directeur commercial","","Non identifiee","Fevrier (lancement tournee Paris) puis printemps-ete","4 000-8 000 EUR","1-2 pages en amont de l'etape Paris 2027 ; Hypothese H: page AEB 2 000-4 000 EUR HT (tarif AEB non publie, A VALIDER AVEC MAX)","https://ecoactu.ma/?p=248089 ; https://www.moroccoworldnews.com/2026/05/301604/al-omrane-launches-moroccans-of-the-world-2026-expo-tour-in-brussels/","2026-02 ; 2026-05","VERIFIE","Ordre des etapes 2026 contradictoire (Paris 'premiere etape' vs Bruxelles) ; regles d'achat d'un etablissement public","P1"
"Banque panafricaine / diaspora","NSIA Banque Cote d'Ivoire","NSIA Banque CI (direction marketing ; bureau de representation Paris diaspora)","Cote d'Ivoire / France","Participant/exposant au Forum d'affaires Cote d'Ivoire de Business France (Paris, 26 mars 2026) ; convention-cadre d'inclusion financiere de la diaspora signee avec le gouvernement ivoirien (juin 2026)","Directeur(trice) marketing et communication ; responsable diaspora","","Non identifiee","Ete (retours diaspora), lancement offres diaspora 2026-2027","4 000-9 000 EUR","1 page x 2-3 numeros ; Hypothese H: page AEB 2 000-4 000 EUR HT (tarif AEB non publie, A VALIDER AVEC MAX)","https://www.b2match.com/e/forum-d-affaires-cote-d-ivoire/participations/693454 ; https://www.aip.ci/?p=383698","2026-03 ; 2026-06","VERIFIE","Statut exact (exposant vs participant) ; date AIP a reconfirmer","P1"
"Banque panafricaine / diaspora","Societe Generale Cote d'Ivoire (SGCI)","SGCI, Abidjan (direction marketing / communication) ; validation possible groupe Paris","Cote d'Ivoire / France","Participation au forum Diaspora for Growth (Paris) avec intervention du DG et offre diaspora (selon publication de la banque) ; SGCI toujours operationnelle (resultats 2025 publies), pas de cession annoncee trouvee","Directeur(trice) marketing et communication ; DG","","Non identifiee (a verifier : Publicis/Havas Abidjan ?)","Juin (forum diaspora Paris), ete","4 000-9 000 EUR","1 page x 2-3 numeros ; Hypothese H: page AEB 2 000-4 000 EUR HT (tarif AEB non publie, A VALIDER AVEC MAX)","https://www.fratmat.info/article/2641777/economie/investissement-et-innovation-la-cote-divoire-mobilise-sa-diaspora ; https://dabafinance.com/fr/nouvelles/sgci-full-year-2025-financial-results","2025-06 / 2026-06 ; 2026","A VALIDER AVEC MAX","Annee du forum (2025 ou 2026, sources divergentes) ; risque de cession de la filiale ; Max a-t-il deja un contact SGCI ?","P1"
"Banque panafricaine / diaspora","CCA-Bank (Cameroun)","CCA-Bank, Yaounde (marketing / banque de la diaspora)","Cameroun / France","Exposant au forum Back to Africa (Paris, 10-12 oct. 2025) avec son pack 'Diaspora Banking' ; article identifie comme publireportage paye (EcoMatin) = achat presse avere","Directeur(trice) marketing ; responsable diaspora banking","","Non identifiee","Automne (forums diaspora Paris) et ete","3 000-8 000 EUR","1 publireportage double page ou 1-2 pages ; Hypothese H: page AEB 2 000-4 000 EUR HT (tarif AEB non publie, A VALIDER AVEC MAX)","https://ecomatin.net/cca-bank-valorise-ses-offres-dediees-a-la-diaspora-au-forum-back-to-africa-a-paris","2025-10","VERIFIE","Cameroun hors pays prioritaires AEB : verifier la diffusion AEB aupres de la diaspora camerounaise","P1"
"Transport aerien","Corsair","Corsair International, Rungis (direction marketing)","France / Cote d'Ivoire / Afrique de l'Ouest","Campagnes 2024-2025 avec l'agence Australie, declinees en Afrique (affichage urbain, spots TV) ; campagne B2B 'Chrono' (avr. 2024, France et UK) ciblant les voyageurs d'affaires d'Abidjan, Cotonou, Bamako","Directeur(trice) marketing et communication","","Australie (creation, source CB News)","Hiver (saison diaspora dec.) et ete ; campagnes 'Septembristes' en septembre","5 000-12 000 EUR","2-3 pages saisonnieres x tarif H ; Hypothese H: page AEB 2 000-4 000 EUR HT (tarif AEB non publie, A VALIDER AVEC MAX)","https://www.cbnews.fr/node/94941 ; https://www.adsoftheworld.com:443/campaigns/chrono","2025 ; 2024-04","VERIFIE","Agence media (achat d'espace) distincte de l'agence creative ? ; budget presse print","P1"
"Transport aerien","Air Cote d'Ivoire","Air Cote d'Ivoire, Abidjan (direction commerciale et marketing ; delegation France)","Cote d'Ivoire / France","Lancement Abidjan-Paris CDG le 15 oct. 2025 (6/sem., quotidien vise) avec A330-900neo ; transporteur officiel de la CAN 2023 (sponsoring)","Directeur(trice) commercial(e) et marketing ; delegue(e) France","","Non identifiee","Anniversaire de ligne (oct.), hiver diaspora (dec.), ete","5 000-12 000 EUR","2-4 pages ou echange billets + pages ; Hypothese H: page AEB 2 000-4 000 EUR HT (tarif AEB non publie, A VALIDER AVEC MAX)","https://www.lechotouristique.com/article/air-cote-divoire-se-lancera-vers-paris-avant-la-fin-de-lannee-2025 ; https://fr.allafrica.com/stories/202509020355.html","2025 ; 2025-09-02","VERIFIE","Achat presse print France non verifie ; possibilite de partenariat en nature (billets)","P1"
"Fintech transfert d'argent","LemFi","LemFi (equipe Afrique francophone / France)","France / Cameroun / Benin","Organisateur de 'She Leads Paris' (15 mars 2025), serie d'evenements pour les femmes de la diaspora (puis Douala, Cotonou juil. 2025) = budget evenementiel/communautaire diaspora en France","Directeur(trice) regional(e) Afrique francophone ; growth marketing France","Tamrath Deen Guedou (directrice regionale Afrique francophone, citee par La Nouvelle Tribune)","Non identifiee","Mars (journee des femmes), fetes de fin d'annee, rentree","3 000-8 000 EUR","1-2 pages + contenu partenaire ; Hypothese H: page AEB 2 000-4 000 EUR HT (tarif AEB non publie, A VALIDER AVEC MAX)","https://lemfi.com/fr-us/she-leads-paris ; https://lanouvelletribune.info/2025/07/she-leads-a-cotonou-une-tribune-dinspiration-et-dengagement-pour-les-femmes/","2025-03 ; 2025-07","VERIFIE","Fintech surtout digitale : appetence pour le print a tester ; fonction actuelle de la directrice regionale","P1"
"Institution / promotion export","Business France (Ambition Africa ; Forum d'affaires CI)","Business France, direction Afrique / evenements","France","Organisateur d'Ambition Africa (18-19 nov. 2025, Bercy, plus de 1 900 participants selon presse) et du Forum d'affaires Cote d'Ivoire (Paris, 26 mars 2026)","Directeur(trice) Afrique ; responsable communication evenementielle","","Non identifiee","Novembre (Ambition Africa 2026 imminent), mars","0-6 000 EUR","Partenariat media (echange visibilite) ou 1-2 pages promotion evenement ; Hypothese H: page AEB 2 000-4 000 EUR HT (tarif AEB non publie, A VALIDER AVEC MAX)","https://www.tresor.economie.gouv.fr/Evenements/2025/11/18/ambition-africa-2025 ; https://www.teamfrance-export.fr/evenements/forum-daffaires-cote-divoire-2026","2025-11 ; 2026-03","VERIFIE","Dates d'Ambition Africa 2026 ; partenariat media plutot qu'achat cash ; AEB peut-elle etre distribuee sur place ?","P1"
"Banque marocaine diaspora","Attijariwafa bank Europe","Attijariwafa bank Europe (Paris) / Attijariwafa bank (Casablanca, communication groupe)","France / Belgique / Maroc","Organisateur du Forum International Afrique Developpement (Club Afrique Developpement, Casablanca) ; plus de 30 agences en France (comparatif 2026) ; produits MRE lances avant l'ete","Directeur(trice) marketing Attijariwafa bank Europe ; direction communication groupe","","Non identifiee","Ete MRE (juin-sept., operation Marhaba) ; FIAD (juin-juillet)","5 000-12 000 EUR","2-3 pages ete MRE ; Hypothese H: page AEB 2 000-4 000 EUR HT (tarif AEB non publie, A VALIDER AVEC MAX)","https://www.lesmre.com/fr/actualites/comparatif-banques-marocaines-mre-2026 ; https://www.attijariwafabank.com/sites/default/files/publication/2024-07/CP%20OUVERTURE%20FIAD24-VF%20DEF%20ok.pdf","2026 ; 2024-07","ESTIME","Achat presse France non verifie ; partenaires FIAD 2025-2026 non trouves","P1"
"Banque marocaine diaspora","Chaabi Bank (Groupe Banque Populaire / BCP)","Chaabi Bank (Paris) ; BCP Casablanca pour budgets MRE","France / Belgique / Pays-Bas","Plus de 40 agences en France (comparatif 2026) : 1er reseau bancaire marocain en France ; marche MRE decrit comme tres concurrentiel","Directeur(trice) marketing Chaabi Bank","","Non identifiee","Ete MRE ; Ramadan (vers fev.-mars 2027, date a confirmer)","5 000-12 000 EUR","2-3 pages ete MRE ; Hypothese H: page AEB 2 000-4 000 EUR HT (tarif AEB non publie, A VALIDER AVEC MAX)","https://www.lesmre.com/fr/actualites/comparatif-banques-marocaines-mre-2026 ; https://www.bladi.net/banques-mre.html","2026","ESTIME","Aucune preuve d'achat presse trouvee ; lectorat AEB marocain en France a documenter","P2"
"Banque marocaine diaspora","Bank of Africa (ex-BMCE) / BOA Europe","Bank of Africa, Casablanca (communication groupe) ; Bank of Africa Europe","Maroc / France / Belgique","Presence en France, Belgique, Italie, Espagne ; agences temporaires Marhaba 2026 au Maroc (operation MRE)","Directeur(trice) communication groupe ; responsable marche MRE","","Non identifiee","Ete MRE (juin-sept.)","4 000-9 000 EUR","1-2 pages ete ; Hypothese H: page AEB 2 000-4 000 EUR HT (tarif AEB non publie, A VALIDER AVEC MAX)","https://www.lesmre.com/en/actualites/moroccan-banks-comparison-mre-2026","2026","ESTIME","Achat presse non verifie ; filiale BOA Afrique de l'Ouest (Bank of Africa CI) comme second point d'entree","P2"
"Banque / assurance","Saham Bank (ex-Societe Generale Maroc) / Groupe Saham","Saham Bank, Casablanca (communication / marque)","Maroc","Cession SG Maroc a Saham (745 M EUR), changement de nom en Saham Bank annonce le 18 juin 2025 = besoin de notoriete de nouvelle marque","Directeur(trice) communication et marque","","Non identifiee","Campagnes de marque post-rebranding (2025-2026)","4 000-9 000 EUR","1-3 pages campagne de marque ; Hypothese H: page AEB 2 000-4 000 EUR HT (tarif AEB non publie, A VALIDER AVEC MAX)","https://fr.hespress.com/361988-societe-generale-cede-ses-filiales-maroc-a-saham-pour-745-millions-deuros.html","2024-04 / 2025-06","ESTIME","Budget presse diaspora/Europe ; agence media du rebranding","P2"
"Transport aerien","Royal Air Maroc","Royal Air Maroc, Casablanca (direction marketing et communication) ; delegations France/Belgique","Maroc / France / Belgique / CI","Partenaire global officiel de la CAF (avr. 2025, CAN Maroc 2025) ; ete 2026 record (8,2 M sieges, +23 %, 44 destinations Europe) ; accord avec la CCI de Cote d'Ivoire (juil. 2025)","Directeur(trice) marketing et communication","","Non identifiee","Ete MRE ; hiver ; lancements de lignes","5 000-15 000 EUR","2-4 pages ou echange billets ; Hypothese H: page AEB 2 000-4 000 EUR HT (tarif AEB non publie, A VALIDER AVEC MAX)","https://fr.hespress.com/420446-420446.html ; https://fnh.ma/article/alaune/royal-air-maroc-offre-record-82-millions-sieges-ete-2026","2025-04 ; 2026","ESTIME","Achat presse print non verifie ; decision centralisee Casablanca (cycle long)","P2"
"Transport aerien","Air Senegal","Air Senegal, Dakar (direction commerciale)","Senegal / Belgique / France","Lancement Dakar-Bruxelles le 9 dec. 2025 (3 vols/sem.) avec ciblage explicite de la diaspora senegalaise en Europe","Directeur(trice) commercial(e) et marketing","","Non identifiee","Hiver (dec.), ete","3 000-6 000 EUR","1-2 pages Belgique/France ; Hypothese H: page AEB 2 000-4 000 EUR HT (tarif AEB non publie, A VALIDER AVEC MAX)","https://www.traveldailynews.com/aviation/air-senegal-to-launch-dakar-brussels-service-in-december-2025/","2025-12","ESTIME","Situation financiere de la compagnie ; diffusion AEB en Belgique a prouver","P2"
"Transport aerien","Brussels Airlines","Brussels Airlines (groupe Lufthansa), Bruxelles (marketing Afrique)","Belgique / Afrique","Campagne dediee au marche africain (etudiants partant etudier a l'etranger, date non confirmee) ; plus grosse capacite Afrique subsaharienne en 2025 (56 vols/sem.)","Head of marketing ; responsable marche Afrique","","Non identifiee","Ete (rentree etudiante), hiver","4 000-9 000 EUR","1-2 pages ; Hypothese H: page AEB 2 000-4 000 EUR HT (tarif AEB non publie, A VALIDER AVEC MAX)","https://www.businesstraveller.com/business-travel/2024/12/08/brussels-airlines-to-operate-largest-ever-capacity-to-sub-saharan-africa-in-2025/","2024-12","ESTIME","Date de la campagne Afrique ; budget print","P2"
"Transport aerien","Air France","Air France (marketing France) ; direction regionale Afrique du Nord, Sahel et cote Ouest (ANSCO)","France / CI / Senegal / Maroc","Campagne de montee en gamme (mars 2026) avec Aura by Omnicom, deployee en France et 'marches strategiques' ; membre du jury innovation d'Ambition Africa 2025","Directeur(trice) regional(e) ANSCO ; direction marketing","","Aura by Omnicom (creation ; achat media a verifier)","Hiver, ete, lancements cabine Business","6 000-15 000 EUR","2-3 pages ; Hypothese H: page AEB 2 000-4 000 EUR HT (tarif AEB non publie, A VALIDER AVEC MAX)","https://corporate.airfrance.com/en/node/5501","2026-03-05","ESTIME","Achat presse print Afrique/diaspora non verifie ; nom du directeur regional ANSCO a reconfirmer (cite dans les resultats de recherche, non retenu ici)","P2"
"Tech / paiements","Visa","Visa (bureau Afrique de l'Ouest et centrale)","CI / France / Maroc","Partenaire du 'Disrupters Village' de l'Africa CEO Forum 2025 (rapport post-evenement) ; accord signe lors de l'ACF 2026","Directeur(trice) marketing Afrique francophone","","Non identifiee","Mai (ACF), fin d'annee","5 000-12 000 EUR","2-3 pages ; Hypothese H: page AEB 2 000-4 000 EUR HT (tarif AEB non publie, A VALIDER AVEC MAX)","https://www.theafricaceoforum.com/forum-2026/wp-content/uploads/sites/11/2025/08/ACF-2025-Post-Event-Report-1.pdf","2025-08","VERIFIE","Budget print ; interlocuteur regional ; source primaire PDF non consultee directement (acces bloque), reprise via resultats de recherche","P2"
"Groupe panafricain diversifie","Axian","Axian Group (communication groupe)","Madagascar / France / Senegal / CI","Partenaire d'Africa Day 2025 (Sciences Po Paris, 4 oct. 2025, 2 000 jeunes attendus) avec la French-African Foundation","Directeur(trice) communication groupe","","Non identifiee","Octobre (Africa Day)","3 000-8 000 EUR","1-2 pages ou partenariat ; Hypothese H: page AEB 2 000-4 000 EUR HT (tarif AEB non publie, A VALIDER AVEC MAX)","https://www.sciencespo.fr/fr/evenements/africa-day-2025/","2025-10","VERIFIE","Pertinence pays (Axian surtout Madagascar, Senegal, Togo) ; budget print","P2"
"Agence de promotion des investissements","AMDIE (Agence marocaine de developpement des investissements et des exportations)","AMDIE, Rabat (communication / diaspora)","Maroc / France / Belgique","Conferences 'Morocco Now' avec la diaspora en France, Pays-Bas, Belgique (S1 2025) ; programme 'Export Morocco Now Women'","Directeur(trice) communication ; pole diaspora","","Non identifiee","Calendrier public annee civile ; roadshows","4 000-10 000 EUR","1 publireportage + 1-2 pages ; Hypothese H: page AEB 2 000-4 000 EUR HT (tarif AEB non publie, A VALIDER AVEC MAX)","https://fr.hespress.com/459910-amdie-un-bilan-semestriel-solide-et-un-plan-daction-ambitieux-pour-2026.html","2026","ESTIME","Achat presse non verifie ; regles d'achat public marocaines","P2"
"Institution / marche financier","BRVM (Bourse regionale) / forum Diaspora for Growth","BRVM, Abidjan (communication) ; organisateurs Diaspora for Growth","Cote d'Ivoire / France","Diaspora for Growth (Pre Catelan, Paris, fin juin 2026) sous patronage du gouvernement ivoirien ; obligations diaspora annoncees pour T1 2027","Directeur(trice) communication BRVM ; organisateur du forum","","Non identifiee","Avant emissions obligataires diaspora (fin 2026 - T1 2027) ; juin","3 000-8 000 EUR","1-2 pages pedagogiques ou partenariat media forum ; Hypothese H: page AEB 2 000-4 000 EUR HT (tarif AEB non publie, A VALIDER AVEC MAX)","https://connectionivoirienne.net/2026/06/28/financement-du-developpement-la-cote-divoire-lancera-des-obligations-de-la-diaspora-en-2027/","2026-06-28","ESTIME","Qui porte la communication des obligations diaspora (Tresor CI, BRVM, SGI) ?","P2"
"Banque panafricaine","Ecobank (ETI et Ecobank CI)","Ecobank Transnational (Lome) communication groupe ; Ecobank Cote d'Ivoire","Cote d'Ivoire / France","Sponsor officiel de la CAN 2023 ; 'Industry Sponsor' de l'Inclusive Fintech Forum 2025 (Kigali) ; membre du jury d'Ambition Africa 2025","Directeur(trice) marketing et communication groupe","","Non identifiee","Annee civile ; evenements mai-novembre","5 000-12 000 EUR","2-3 pages ; Hypothese H: page AEB 2 000-4 000 EUR HT (tarif AEB non publie, A VALIDER AVEC MAX)","https://www.cafonline.com/fr/news/ecobank-s-associe-a-la-caf-et-devient-sponsor-officiel-de-la-coupe-dafrique-des-nations-caf-totalenergies-cote-divoire-2023/","2023-2025","ESTIME","Aucun achat presse 2025-2026 trouve ; decision Lome vs Abidjan","P2"
"Banque panafricaine / diaspora","Coris Bank International","Coris Bank International (Ouagadougou) / filiales CI et Senegal","Burkina / CI / Senegal / France / Belgique","Offre diaspora avec la Compagnie des Banques Internationales de Paris (CBIP) pour les Ivoiriens de France ; rencontre de la diaspora senegalaise a Bruxelles (date non precisee)","Directeur(trice) marketing ; responsable diaspora","","Non identifiee","Ete ; forums diaspora","3 000-8 000 EUR","1-2 pages ; Hypothese H: page AEB 2 000-4 000 EUR HT (tarif AEB non publie, A VALIDER AVEC MAX)","https://coris.bank/en/become-a-customer/diaspora/","non datee","ESTIME","Date et realite de l'offre CBIP ; achat presse non verifie","P2"
"Telecom / mobile money","Orange Middle East and Africa (OMEA) / Orange CI","Orange MEA (Paris/Casablanca) ; Orange Cote d'Ivoire (Abidjan)","France / CI / Maroc","Partenariat OMEA x risingSUD signe a VivaTech 2025 ; sponsoring CAF renouvele ; Orange Fab CI","Directeur(trice) communication OMEA ; directeur marketing Orange CI","","Non identifiee (a verifier)","Juin (VivaTech), fin d'annee","6 000-15 000 EUR","2-3 pages B2B/innovation ; Hypothese H: page AEB 2 000-4 000 EUR HT (tarif AEB non publie, A VALIDER AVEC MAX)","https://madeinmarseille.net/economie-marseille/182345-vivatech-2025-les-startups-provencales-a-la-conquete-de-linnovation-mondiale/ ; https://insideworldfootball.com/?p=147101","2025","ESTIME","Budget print B2B ; quelle entite (groupe vs filiale) paie","P2"
"Fintech transfert d'argent","Wave","Wave Mobile Money (Senegal / CI)","Senegal / CI / France","Transferts depuis l'Europe vers comptes Wave mentionnes (non dates) ; projet Wave Bank Africa en CI","Directeur(trice) marketing / growth","","Non identifiee","Fetes (Tabaski, fin d'annee), rentree","3 000-8 000 EUR","1-2 pages ; Hypothese H: page AEB 2 000-4 000 EUR HT (tarif AEB non publie, A VALIDER AVEC MAX)","https://seneweb.com/fr/news/5/finances-wave-veut-creer-une-banque_n_472216.html ; https://senego.com/dossier/transferts-argent-senegal","non datee","A VALIDER AVEC MAX","Wave est-il reellement commercialise en France ? culture marketing tres digitale","P3"
"Fintech transfert d'argent","Taptap Send","Taptap Send (equipe growth France / Afrique)","France / Maroc / Senegal","Operation de lancement aupres des Marocains et Tunisiens de France (2023) ; 'semaine d'impact' a Dakar ; recrutement 'Africa Growth Manager EU/UK'","Africa Growth Manager EU/UK","","Non identifiee","Ramadan, fetes, ete","3 000-6 000 EUR","1-2 pages ; Hypothese H: page AEB 2 000-4 000 EUR HT (tarif AEB non publie, A VALIDER AVEC MAX)","https://www.moroccoworldnews.com/2023/05/33644/fintech-company-taptap-send-celebrates-its-impact-among-moroccans-in-france/","2023-05","ESTIME","Preuve ancienne (2023) ; appetence print faible","P2"
"Automobile haut de gamme","Mercedes-Benz / BYD via Auto Nejma (Maroc)","Auto Nejma Maroc SA, Casablanca (importateur officiel Mercedes-Benz, BYD, smart, DENZA)","Maroc","Recrutement d'un 'Responsable Medias, Contenu & Retail Marketing Mercedes-Benz' = budget media detenu localement par l'importateur ; ventes 2025 +77 %, CA 4 134 MDH","Responsable medias, contenu et retail marketing Mercedes-Benz","","Non identifiee","Lancements modeles ; Auto Expo ; fin d'annee","4 000-10 000 EUR","1-3 pages (edition Maroc ou cible MRE) ; Hypothese H: page AEB 2 000-4 000 EUR HT (tarif AEB non publie, A VALIDER AVEC MAX)","https://www.rekrute.com/offre-emploi-responsable-medias-contenu-retail-marketing-mercedes-benz-hf-recrutement-auto-nejma-maroc-s.a.-casablanca-184832.html ; https://telquel.ma/2026/03/11/marche-automobile-auto-nejma-et-le-byd-effect_1978236","2026-03","VERIFIE","Diffusion AEB au Maroc a prouver avant approche","P2"
"Automobile haut de gamme","Toyota / Suzuki / Mercedes-Benz via CFAO Mobility Cote d'Ivoire","CFAO Mobility Cote d'Ivoire (ex-CFAO Motors CI), Abidjan","Cote d'Ivoire","Distributeur Toyota, Suzuki (19,2 % et 14,7 % de PdM) ; accord de concession exclusif Mercedes-Benz (2022) ; 41,7 % de PdM 2025","Directeur(trice) marketing CFAO Mobility CI","","Non identifiee","Salons auto, fin d'annee, lancements","4 000-10 000 EUR","1-3 pages ; Hypothese H: page AEB 2 000-4 000 EUR HT (tarif AEB non publie, A VALIDER AVEC MAX)","https://connectionivoirienne.net/2025/12/26/cfao-mobility-cote-divoire-renforce-sa-domination-du-marche-automobile-avec-plus-de-2-900-vehicules-vendus/ ; https://news.abidjan.net/articles/713290/automobile-cfao-motors-cote-divoire-signe-un-accord-de-concession-exclusif-avec-mercedes-benz","2025-12 ; 2022","VERIFIE","Mercedes toujours distribue par CFAO en CI en 2026 ? ; achat presse non verifie","P2"
"Spiritueux premium","Hennessy (Moet Hennessy, LVMH)","Moet Hennessy Afrique / distributeur local CI (non identifie)","Cote d'Ivoire / Afrique / France","Campagne panafricaine 'Made for More' 2025 avec Tems, produite par Wieden+Kennedy Amsterdam ; CEO cite la CI parmi les pays de croissance (Forbes Afrique)","Directeur(trice) marketing Afrique Moet Hennessy","","Wieden+Kennedy Amsterdam (creation)","Fin d'annee (cadeaux), fetes","5 000-15 000 EUR","2-3 pages fin d'annee ; Hypothese H: page AEB 2 000-4 000 EUR HT (tarif AEB non publie, A VALIDER AVEC MAX)","https://lbbonline.com/news/Hennessy-Tems-African-Creativity-Made-for-More ; https://forbesafrique.com/laurent-boillot-pdg-de-hennessy-il-est-fondamental-de-tenir-compte-de-linfluence-de-lafrique-sur-le-reste-du-monde/","2025-10-15","ESTIME","Distributeur CI ; loi Evin en France (pub alcool en presse autorisee mais encadree) ; budget arbitre a l'echelle groupe","P3"
"Spiritueux premium","Pernod Ricard (Martell, Chivas...)","Pernod Ricard Afrique (filiale regionale a identifier)","Cote d'Ivoire / Afrique","Acquisition d'Inverroche (1re marque africaine 100 % detenue, fev. 2025) ; entite 'Pernod Ricard Abidjan' indiquee fermee dans un annuaire","Directeur(trice) marketing Afrique","","Non identifiee","Fin d'annee","3 000-8 000 EUR","1-2 pages ; Hypothese H: page AEB 2 000-4 000 EUR HT (tarif AEB non publie, A VALIDER AVEC MAX)","https://annuaireci.com/entreprises/pernod-ricard-abidjan-abidjan-cote-divoire/","2025","A VALIDER AVEC MAX","Structure actuelle en Afrique de l'Ouest (filiale ou distributeur) ; loi Evin","P3"
"Horlogerie / joaillerie","Rolex (via A. Constant, Abidjan)","A. Constant, detaillant officiel Rolex a Abidjan","Cote d'Ivoire","Liste comme detaillant officiel sur le site Rolex ; aucune preuve d'achat presse","Gerant(e) / direction commerciale","","Non identifiee","Fin d'annee, fetes","2 000-6 000 EUR","1-2 pages (co-marketing soumis a validation de la marque) ; Hypothese H: page AEB 2 000-4 000 EUR HT (tarif AEB non publie, A VALIDER AVEC MAX)","https://www.rolex.com/de-de/rolex-dealers/aconstant-4665/rswi_14717-abidjan-ivorycoast","non datee","ESTIME","Rolex encadre strictement la pub des detaillants ; Cartier non trouve a Abidjan","P3"
"Beaute peaux noires et metissees","Wure","Wure (fondatrice Aminata Mbaye, France/Senegal)","France / Senegal / CI","Marque francaise pour peaux noires et metissees, distribuee au Senegal et en CI depuis 2023 ; part Afrique du CA de 70 % selon Premium Beauty News (non retrouvee dans d'autres sources)","Fondatrice / CEO","Aminata Mbaye (fondatrice, citee par Le Soleil)","Aucune (marque jeune)","Mars (journee des femmes), fetes","1 500-4 000 EUR","1/2 page a 1 page ; Hypothese H: page AEB 2 000-4 000 EUR HT (tarif AEB non publie, A VALIDER AVEC MAX)","https://www.premiumbeautynews.com/fr/les-soins-hybrides-pour-teints,25434 ; https://lesoleil.sn/actualites/societe-fait-divers/aminata-mbaye-fondatrice-de-la-marque-wure-lentrepreneure-qui-demaquille-la-beaute-des-peaux-noires/","2026-03","ESTIME","Chiffre 70 % contradictoire ; part feminine du lectorat AEB (cle pour cette categorie)","P2"
"Beaute peaux noires et metissees","Nubiance","Nubiance (France)","France / Afrique","Marque francaise creee en 2016 par une chirurgienne esthetique ; a grandi a l'export (surtout Afrique), presente dans 116 pays selon Premium Beauty News, recentrage France","Fondatrice / direction marketing","","Non identifiee","Fetes, ete","1 500-4 000 EUR","1/2 page a 1 page ; Hypothese H: page AEB 2 000-4 000 EUR HT (tarif AEB non publie, A VALIDER AVEC MAX)","https://www.premiumbeautynews.com/fr/actualites/societes-industrie/peaux-mates-a-foncees-nubiance,27584","2025","ESTIME","Part feminine du lectorat AEB","P2"
"Beaute peaux noires et metissees","Black Up","Black Up (Paris)","France","Marque parisienne fondee en 1999, vendue chez Marionnaud, Sephora, Amazon (article non date) ; lancement Dufry Caraibes","Direction marketing","","Non identifiee","Fetes","1 500-4 000 EUR","1/2 page a 1 page ; Hypothese H: page AEB 2 000-4 000 EUR HT (tarif AEB non publie, A VALIDER AVEC MAX)","https://www.afrik.com/black-up-de-nouveaux-produits-pour-femmes-noires-et-metisses","non datee","A VALIDER AVEC MAX","Activite actuelle de la marque non verifiee","P3"
"Beaute peaux noires et metissees","Fenty Beauty","Kendo (LVMH) / Sephora France","France / Belgique","Aucune preuve d'achat presse diaspora ; contexte marche : 40 % des bebes nes en IdF en 2021 avec au moins un parent d'origine africaine ou moyen-orientale et depenses beaute superieures a la moyenne (Premium Beauty News) ; Sephora ouvre en Belgique (2026)","Direction marketing Europe","","Non identifiee (achat centralise)","Fetes, Black Friday","3 000-8 000 EUR","1-2 pages ; Hypothese H: page AEB 2 000-4 000 EUR HT (tarif AEB non publie, A VALIDER AVEC MAX)","https://www.premiumbeautynews.com/fr/actualites/marches-tendances/peaux-foncees-l-enjeu-de,26698","2025","A VALIDER AVEC MAX","Achat centralise mondial, faible probabilite ; dependant du lectorat feminin","P3"
"Beaute / dermocosmetique","Inoya (laboratoire)","Laboratoire Inoya, Gardanne","France / Afrique","Laboratoire cosmetique qui 'mise sur l'Afrique' (Journal des Entreprises)","Dirigeant(e)","","Non identifiee","A definir","1 500-4 000 EUR","1/2 page a 1 page ; Hypothese H: page AEB 2 000-4 000 EUR HT (tarif AEB non publie, A VALIDER AVEC MAX)","https://www.lejournaldesentreprises.com/article/le-laboratoire-cosmetique-inoya-mise-sur-lafrique-1517774","non datee","A VALIDER AVEC MAX","Date et actualite de la strategie Afrique","P3"
"Ecole / executive education","HEC Paris (bureau Afrique de l'Ouest et centrale, Abidjan)","HEC Paris Executive Education / bureau d'Abidjan","Cote d'Ivoire / France","Bureau d'Abidjan depuis 2018 ; programmes MUST, Challenge+ Afrique, Global Executive Master (Paris/Abidjan) ; partenariats BCEAO, BEAC, BOAD","Directeur(trice) du bureau Afrique ; marketing executive education","","Non identifiee","Rentree (sept.-oct.) et janvier (intakes) ; recrutement 3-6 mois avant","3 000-9 000 EUR","1-3 pages campagne recrutement ; Hypothese H: page AEB 2 000-4 000 EUR HT (tarif AEB non publie, A VALIDER AVEC MAX)","https://www.hec.edu/fr/en-bref/actualites/l-afrique-au-coeur-de-la-strategie-internationale-d-hec-paris","non datee","ESTIME","Direction actuelle du bureau ; achat presse 2025-2026 non verifie","P2"
"Ecole / executive education","ESSEC Afrique (campus de Rabat)","ESSEC Business School / ESSEC Afrique","Maroc / France / Afrique","Campus ESSEC Afrique a Rabat (Sidi Bouknadel) depuis 2017, formation initiale et executive","Directeur(trice) ESSEC Afrique ; marketing executive education","","Non identifiee","Rentree, janvier","3 000-8 000 EUR","1-2 pages ; Hypothese H: page AEB 2 000-4 000 EUR HT (tarif AEB non publie, A VALIDER AVEC MAX)","https://www.essec.edu/en/essec-africa/","2025","ESTIME","Achat presse non verifie","P2"
"Ecole / executive education","Sciences Po (Executive Education ; Africa Day)","Sciences Po Executive Education / direction des affaires internationales","France / CI","Hote d'Africa Day 2025 (4 oct. 2025) avec French-African Foundation et Axian ; offre executive presentee a Abidjan (2016)","Directeur(trice) executive education ; responsable Afrique","","Non identifiee","Rentree ; octobre (Africa Day)","2 000-6 000 EUR","1-2 pages ; Hypothese H: page AEB 2 000-4 000 EUR HT (tarif AEB non publie, A VALIDER AVEC MAX)","https://www.sciencespo.fr/fr/evenements/africa-day-2025/","2025-10","ESTIME","Budget print","P2"
"Ecole / executive education","emlyon business school (campus Casablanca)","emlyon business school / campus de Casablanca","Maroc / France","Campus de Casablanca (BBA, General Management Program) selon presse 2016","Directeur(trice) campus Casablanca","","Non identifiee","Rentree, janvier","2 000-6 000 EUR","1-2 pages ; Hypothese H: page AEB 2 000-4 000 EUR HT (tarif AEB non publie, A VALIDER AVEC MAX)","https://fr.le360.ma/economie/maroc-le-nouvel-eldorado-des-grandes-ecoles-francaises-122445/","2016","A VALIDER AVEC MAX","Source ancienne : campus toujours actif ?","P3"
"Institution financiere","Banque africaine de developpement (BAD)","BAD, Abidjan (departement communication)","Cote d'Ivoire / Afrique","Diffuse des 'Contenus d'un Partenaire Premium' sur AllAfrica (2025) = achat de contenu partenaire avere ; partenaire/sponsor de l'IATF 2025","Directeur(trice) communication et relations exterieures","","Non identifiee","Assemblees annuelles (mai-juin) ; AIF (nov.)","3 000-10 000 EUR","1-3 pages institutionnelles ; Hypothese H: page AEB 2 000-4 000 EUR HT (tarif AEB non publie, A VALIDER AVEC MAX)","https://fr.allafrica.com/stories/202506240454.html","2025-06","VERIFIE","Procedure d'achat (appel d'offres) ; preference anglophone/digitale","P2"
"Institution financiere","Afreximbank","Afreximbank, Le Caire (communication)","Afrique / France","Organisateur de l'IATF 2025 (Alger, 4-10 sept. 2025) ; communiques diffuses via APO sur African Business","Directeur(trice) communication","","Non identifiee","IATF (bisannuel), AAM (juin)","3 000-8 000 EUR","1-2 pages ; Hypothese H: page AEB 2 000-4 000 EUR HT (tarif AEB non publie, A VALIDER AVEC MAX)","https://african.business/2025/03/apo-newsfeed/algeria-steps-up-preparations-for-the-intra-african-trade-fair-2025-iatf2025-as-six-month-countdown-starts","2025-03","ESTIME","Interet pour un titre francophone diaspora","P3"
"Institution financiere","BOAD (Banque ouest-africaine de developpement)","BOAD, Lome (communication)","UEMOA / France","Partenariat de formation avec HEC Paris ; rapport annuel 2025 publie ; accord signe lors de l'ACF 2026 (presse)","Directeur(trice) communication","","Non identifiee","Annee civile ; emissions obligataires","3 000-8 000 EUR","1-2 pages ; Hypothese H: page AEB 2 000-4 000 EUR HT (tarif AEB non publie, A VALIDER AVEC MAX)","https://admin.boad.org/wp-content/uploads/2026/07/Rapport-Annuel-2025-BOAD.pdf","2026-07","ESTIME","Achat presse non verifie","P3"
"Assurance","Sanlam Allianz Africa","Sanlam Allianz (filiales CI, Maroc via Saham Assurance)","Cote d'Ivoire / Maroc","Coentreprise africaine Sanlam-Allianz (conseil Norton Rose Fulbright) ; aucune preuve d'achat presse trouvee","Directeur(trice) marketing regional","","Non identifiee","Annee civile","3 000-8 000 EUR","1-2 pages ; Hypothese H: page AEB 2 000-4 000 EUR HT (tarif AEB non publie, A VALIDER AVEC MAX)","https://www.lemondedudroit.fr/deals/64799-norton-rose-fulbright-conseille-allianz-africa.html","non datee","A VALIDER AVEC MAX","Marque commerciale utilisee en CI/Maroc en 2026","P3"
"Assurance","SUNU Assurances","Groupe SUNU (Abidjan / Paris)","Cote d'Ivoire / France","Strategie de bancassurance (entretien Financial Afrik 2024) ; aucune preuve d'achat presse 2025-2026 trouvee","Directeur(trice) communication groupe","","Non identifiee","Annee civile","3 000-6 000 EUR","1-2 pages ; Hypothese H: page AEB 2 000-4 000 EUR HT (tarif AEB non publie, A VALIDER AVEC MAX)","https://financialafrik.com/2024/01/06/entretien-exclusif-avec-mohamed-bah-directeur-general-du-groupe-sunu","2024-01","A VALIDER AVEC MAX","Dirigeants actuels ; budget diaspora","P3"
"Evenement retail Afrique","AFRETAIL (forum retail Afrique, Paris)","Organisateur AFRETAIL","France / CI","Edition 2026 a Paris avec la Cote d'Ivoire invitee d'honneur","Organisateur / directeur(trice) du forum","","Non identifiee","Avant l'edition annuelle","0-4 000 EUR","Partenariat media ou 1 page promotion ; Hypothese H: page AEB 2 000-4 000 EUR HT (tarif AEB non publie, A VALIDER AVEC MAX)","https://fr.apanews.net/cote-divoire/la-rci-invitee-dhonneur-dafretail-2026-a-paris/","2026","ESTIME","Dates 2027 ; liste des sponsors (enseignes = prospects)","P2"
"Promotion immobiliere diaspora","Salon international de l'immobilier africain de Bruxelles (CAMSI) et ses exposants","CAMSI (organisateur) + 22 exposants (Cameroun, CI, Senegal, Gabon, Guinee, RDC, Burkina, Tunisie)","Belgique","Salon 25-27 juin 2026 a Anderlecht, 22 exposants annonces","Organisateur ; directions commerciales des promoteurs exposants","","Non identifiee","Mai-juin","2 000-6 000 EUR","Partenariat media + pages exposants ; Hypothese H: page AEB 2 000-4 000 EUR HT (tarif AEB non publie, A VALIDER AVEC MAX)","https://www.camer.be/amp/92643/34:31/afrique-le-salon-international-de-limmobilier-africain-de-bruxelles-se-tiendra-du-25-au-27-juin-2026.html","2026","ESTIME","Liste nominative des exposants","P2"
"Promotion immobiliere diaspora","PKD World / PKD Conseil (avec AMS, appui BHCI)","PKD World (cabinet)","Cote d'Ivoire / France","Forum diaspora prevu a Paris le 24 janv. 2026 (investissement, immobilier) puis Abidjan ; partenariat AMS-PKD avec appui de la BHCI","Dirigeant(e)","","Non identifiee","Janvier-mars","1 500-4 000 EUR","1/2 page a 1 page ; Hypothese H: page AEB 2 000-4 000 EUR HT (tarif AEB non publie, A VALIDER AVEC MAX)","https://fr.allafrica.com/stories/202509100394.html","2025-09","A VALIDER AVEC MAX","Tenue effective du forum de Paris","P3"
"Evenement business Afrique","Choiseul Africa (Business Forum)","Institut Choiseul / Choiseul Africa","France / Maroc","Organisateur du Choiseul Africa Business Forum (Rabat, 4-5 nov. 2025, 800 decideurs) ; partenaires de l'etude Choiseul 100 Africa 2025 : bpifrance, Roland Berger, Vicat","Directeur(trice) Choiseul Africa","","Non identifiee","Novembre","0-4 000 EUR","Partenariat media ; prospects : partenaires de l'etude ; Hypothese H: page AEB 2 000-4 000 EUR HT (tarif AEB non publie, A VALIDER AVEC MAX)","https://www.choiseul-africa.com/choiseul-africa-business-forum-2025/?lang=en","2025-11","ESTIME","Concurrent indirect (classements de leaders comme le 'Top 100' AEB)","P3"
"Evenement business Afrique (Suisse)","Swiss-African Business Circle (SABC) / Africa Collective Geneva","SABC (organisateur du Swiss-African Business Day)","Suisse","Swiss-African Business Day : Geneve 13 juin 2025 (CICG, patronage SECO) et 19 juin 2026 (Marriott)","Organisateur","","Non identifiee","Juin","0-3 000 EUR","Partenariat media / distribution sur place ; Hypothese H: page AEB 2 000-4 000 EUR HT (tarif AEB non publie, A VALIDER AVEC MAX)","https://www.seca.ch/en/events/2026/swiss-african-business-day/","2026","ESTIME","Diffusion AEB reelle en Suisse","P3"
"Evenement business Afrique (Luxembourg)","Chambre de commerce du Luxembourg (EU-Africa B2B Forum)","Chambre de commerce du Luxembourg, affaires internationales","Luxembourg","Partenaire de l'EU-Africa B2B Forum (EU-Africa Chamber of Commerce)","Responsable affaires internationales","","Non identifiee","A definir","0-3 000 EUR","Partenariat media ; Hypothese H: page AEB 2 000-4 000 EUR HT (tarif AEB non publie, A VALIDER AVEC MAX)","https://cc.lu/agenda/detail/eu-africa-b2b-forum","non datee","ESTIME","Dates ; diffusion AEB au Luxembourg","P3"
"Banque d'affaires panafricaine","Coronation Group","Coronation Group (Lagos)","Nigeria / Afrique","Gold Sponsor de l'Africa CEO Forum 2025 (2e participation)","Directeur(trice) marketing groupe","","Non identifiee","Mai (ACF)","3 000-8 000 EUR","1-2 pages ; Hypothese H: page AEB 2 000-4 000 EUR HT (tarif AEB non publie, A VALIDER AVEC MAX)","https://guardian.ng/business-services/coronation-returns-as-africa-ceo-forum-gold-sponsor/","2025-05","VERIFIE","Pertinence d'un titre francophone pour un groupe nigerian","P3"
"Transport aerien","Ethiopian Airlines","Ethiopian Airlines, bureaux Paris / Bruxelles / Abidjan","France / Belgique / CI","Aucune preuve trouvee dans cette recherche","Directeur(trice) regional(e) Europe","","Non identifiee","Ete, hiver","3 000-8 000 EUR","1-2 pages ; Hypothese H: page AEB 2 000-4 000 EUR HT (tarif AEB non publie, A VALIDER AVEC MAX)","","","A VALIDER AVEC MAX","Toute la ligne est a documenter","P3"
"Agroalimentaire / boissons","SIFCA","Groupe SIFCA, Abidjan (communication)","Cote d'Ivoire","Aucune preuve d'achat presse trouvee dans cette recherche","Directeur(trice) communication","","Non identifiee","Annee civile","3 000-6 000 EUR","1-2 pages institutionnelles ; Hypothese H: page AEB 2 000-4 000 EUR HT (tarif AEB non publie, A VALIDER AVEC MAX)","","","A VALIDER AVEC MAX","Toute la ligne est a documenter","P3"
"Telecom / mobile money","Maroc Telecom / Moov Africa","Maroc Telecom (Rabat) ; Moov Africa CI","Maroc / CI","Aucune preuve d'achat presse trouvee dans cette recherche","Directeur(trice) communication","","Non identifiee","Ete MRE (offres roaming/transfert)","4 000-10 000 EUR","1-2 pages ; Hypothese H: page AEB 2 000-4 000 EUR HT (tarif AEB non publie, A VALIDER AVEC MAX)","","","A VALIDER AVEC MAX","Toute la ligne est a documenter","P3"
