emailStatus,email,firstName,lastName,picture,phone,linkedinUrl,timezone,jobTitle,jobDescription,linkedinVideoUrl,companyName,companyDomain,country,zone,statutEmail,confiance,fiabilite,priorite,note,companyDescription,companyEmployeeCount,companyEmployeeGrowth,companyFoundedOn,companyHeadquarters,companyIndustry,companyLocation,companyPicture,companySize,companySubIndustry,companyTechnologies,companyType,companyLinkedinUrl,companyTagline,companySpecialties,companyRevenue,location,personSourceUrl,emailSourceUrl,modeleSourceUrl,emailGenerique,dernierePreuveActivite,cibleWLFG,entreeVerticale,trackCommercial,marchePrioritaire,statutLemlist,genre,emailPrecedent,justificationTaille,birthday,civility,emailqualification,joincompanyin,locationname,occupation,phone1,phone2,lastState,status,_id
deliverable,cecil@redpepper.co.za,Cecil,Barry,,,,,Chief Executive Officer,,,Red Pepper Pictures,redpepper.co.za,South Africa,,,,a verifier,A,"Accroche : Die Brug saison 2 (kykNET, mai 2025), format de télé-réalité produit par Red Pepper. Réserves : structure ancienne (1995, ~120 personnes, studios Linden) ; modèle lu dans un extrait (fiche Gauteng Film Commission non ouverte) ; ZoomInfo affiche c***@redpepper.co.za, cohérent avec cecil@ ; MX Google Workspace ; 2e source : fiche Gauteng Film Commission ; la date 2025 vient d'un crédit LinkedIn, pas d'un article.",,,,,,,,,,,,,,,,,,https://www.linkedin.com/in/cecil-barry-5a090817/,,,,,Entreprises creatives (hors verticale directe),,grand compte,prioritaire,livrable,"Publicité, documentaire et TV factuelle",,"~120 personnes, studios de Linden, maison fondee en 1995",,,,,,,,,scanned,review,lea_3KwMsqw7ZRMmBrWRH
deliverable,jacqui.cunningham@sunriseproductions.tv,Jacqui,Cunningham,,,,,fondateur,,,Sunrise Productions,sunriseproductions.tv,South Africa,,,,a verifier,B,"Nom et poste issus uniquement d'un résumé de recherche (page non ouverte, réseau bloqué) ; domaine non vérifié.",,,,,,,,,,,,,,,,,,,,,,,Entreprises creatives (hors verticale directe),,a qualifier,prioritaire,livrable,Animation / VFX / immersif,,,,,,,,,,,scanned,review,lea_8RPTvAqRFzEZuAmwG
risky,abel@philitproductions.tv,Abel,Mutua,,,,,Co-founder & Creative Director,,,Phil-It Productions,philitproductions.tv,Kenya,,,,a verifier,B,"Accroche : scénariste de Makosa Ni Yangu et Untying Kantai, primés aux AMVCA 2025. Réserves : 2e contact de la même structure (à séquencer après Philip Karanja) ; MX auto-hébergé ; bobb@ vu, format non déductible ; 2e source https://en.wikipedia.org/wiki/Abel_Mutua",,,,,,,,,,,,,,,,,,https://www.pulse.co.ke/story/abel-mutua-phil-directors-films-shine-at-continental-awards-2025051415202140923,,,,,Entreprises creatives (hors verticale directe),,a qualifier,repousse par Garry,non verifiable (serveur muet),"Fiction et production live-action (films, séries)",abel.mutua@philitproductions.tv,,,,,,,,,,scanned,review,lea_9nv9cof8YaREPBs7r
risky,niyi.akinmolayan@anthillstudios.com,Niyi,Akinmolayan,,,,,fondateur,,,Anthill Studios,anthillstudios.com,Nigeria,,,,a verifier,C,"Nom et poste issus uniquement d'un résumé de recherche (page non ouverte, réseau bloqué) ; domaine non vérifié. Réserve : indépendance à confirmer (coproduction Disney Iwájú).","Anthill Studios is a state-of-the-art multimedia facility in Lagos Nigeria. Serving both local and international clients, We offer the finest services in visual media production, animations, content production and post-production.",31,'-11,,United States,"Technology, Information and Media",United States,https://media.licdn.com/dms/image/v2/C4E0BAQFm_O0X_xKgjQ/company-logo_200_200/company-logo_200_200/0/1631350700753?e=2147483647&v=beta&t=0jXG5i0BSGwR40YwISwOidQWBFs0lWxIU8t6GPAfymw,11-50,Media and Telecommunications,"Cloudflare, Elementor, GoDaddy, HSTS, HTTP/3, Microsoft 365, Office 365, Open Graph, Priority Hints, Slick, Swiper, Webflow, WordPress, X-Content-Type-Options, html5media, jQuery, jsDelivr",Privately Held,https://www.linkedin.com/company/anthillstudios,,,,,,,,,,Entreprises creatives (hors verticale directe),,a qualifier,prioritaire,risqué,Animation / VFX / immersif,,,,,,,,,,,scanned,review,lea_DHmizjQZbTxqMXvML
risky,derin.adeyokunnu@nemsiastudios.com,Derin,Adeyokunnu,,,,,cofondateur,,,Nemsia Studios,nemsiastudios.com,Nigeria,,,,a verifier,B,"Nom et poste issus uniquement d'un résumé de recherche (page non ouverte, réseau bloqué) ; domaine non vérifié.","From the biggest multinationals to the humble startups, Nemsia has worked with numerous brands in various capacities: branding, strategy, design, web, video production, media purchase, and full service campaigns. Our core competence however remains in video production.",12,0,2009,"Lagos, Ilupeju, United States",,"20 Association Ave Obanikoro bus-stop; Lagos, Ilupeju 100242, NG",https://media-exp1.licdn.com/dms/image/C4D0BAQG0cA02p297iQ/company-logo_200_200/0?e=2159024400&v=beta&t=SzgsytdcdbSBWCXX-NiV0h3Qs5JHTP76G4Ib612RDU8,1-10,,"Apache, Apache HTTP Server, Astra, Babel, Cloudflare, Cloudflare Bot Management, Contact Form 7, Custom Twitter Feeds, Elementor, Elementor Header & Footer Builder, Font Awesome, GoDaddy CoBlocks, Google Fonts API, Google Workspace, HSTS, HTTP/3, Hover, Instagram Feed for WordPress, Ionicons, Isotope, Lightbox, Magnific Popup, Modernizr, MySQL, PHP, Piwik PRO Core, Priority Hints, RSS, Really Simple Discovery, Slider Revolution, Smash Balloon Instagram Feed, Swiper, Underscore.js, Vimeo, WPForms, WooCommerce, WordPress, WordPress Block Editor, WordPress Super Cache, X-Content-Type-Options, X-XSS-Protection, YouTube, cdnjs, core-js, iCIMS, jQuery, jQuery Migrate, oEmbed, parallax.js, particles.js",Privately Held,https://www.linkedin.com/company/nemsia-studios,,,,,,,,,,Entreprises creatives (hors verticale directe),,a qualifier,prioritaire,risqué,"Fiction et production live-action (films, séries)",,,,,,,,,,,scanned,review,lea_DuNXYNTbt7p96uECd
deliverable,ssoko@lbxafrica.com,Sam,Soko,,,,,co-fondateur,,,LBx Africa,lbxafrica.com,Kenya,,,,a verifier,C,Relance de variante après échec de prenom.nom@ ; nom non vérifié sur une page ouverte.,"LBx Africa is a Nairobi based production company that produces high quality Fiction and Non-fiction content. We collaborate with both local and international filmmakers to bring uniquely African perspectives to global audiences, almost always trying to have fun while at it.

We also offer film production services in and around the East African region. Established in 2012 , we are run by the Co-founder duo of Creative Producer Bramwel Iro and  Director/Producer Sam Soko.",18,'-5,2012,"Nairobi, Kenya","Technology, Information and Media","Nairobi, Kenya",https://media.licdn.com/dms/image/v2/C560BAQEZVJGfA8slEw/company-logo_200_200/company-logo_200_200/0/1630596161079/lightbox_africa_logo?e=2147483647&v=beta&t=43gr9fryYmHyCmxxqCGlb21-oih9i0LzODHlCvV55eQ,11-50,Media and Telecommunications,"Animate.css, Apache, Apache HTTP Server, Bootstrap, Font Awesome, Google Analytics, Google Fonts API, Google Maps, Google Search Console, Google Tag Manager, Google Workspace, Isotope, Laravel, Magnific Popup, Modernizr, NSONE, Name.com DNS, PHP, PWA, Slick, Stellar.js, Ubuntu, imagesLoaded, jQuery, jQuery Waypoints",Privately Held,https://www.linkedin.com/company/lightbox-africa,,,,,,,,,,Entreprises creatives (hors verticale directe),,a qualifier,repousse par Garry,livrable,"Fiction et production live-action (films, séries)",,,,,,,,,,,scanned,review,lea_EBXPbBtYnZW5TJWwx
deliverable,richard@studiobo.io,Richard,Bolland,,,,,Co-founder & Studio Director,,,Studio Bo (ex-Studio Bolland),studiobo.io,South Africa,,,,a verifier,C,"Studio de Muizenberg fondé en 2014 (~11 pers.), animation de marque et jeux depuis 2023 ; cité dans le livret Wesgro Animation SA. 2e source : https://www.linkedin.com/in/richardbolland/. MX Google Workspace (ancien domaine studiobolland.com aussi actif chez Google). Activité surtout explicatifs/brand : à recouper avec l'agent 05. Extraits non ouverts.",,,,,,,,,,,,,,,,,,https://filmcapetown.com/studio-bo-merging-animation-gaming-and-brand-stories/,,,,,Entreprises creatives (hors verticale directe),,petit compte,prioritaire,livrable,Animation / VFX / immersif,,"~11 personnes, fondee en 2014",,,,,,,,,scanned,review,lea_J2seYy3hvM4QihkhH
risky,kshani@sirnare.com,Kelvin,Shani,,,,,fondateur,,,SirNare Animation Studios,sirnare.com,Kenya,,,,a verifier,C,Relance de variante après échec de prenom.nom@ ; nom non vérifié sur une page ouverte.,,,,,,,,,,,,,,,,,,,,,,,Entreprises creatives (hors verticale directe),,a qualifier,repousse par Garry,risqué,Animation / VFX / immersif,,,,,,,,,,,scanned,review,lea_LSH26iSfBjcXfhmoF
deliverable,thierry@both-worlds.com,Thierry,Cassuto,,,,,fondateur,,,Both Worlds,both-worlds.com,South Africa,,,,a verifier,C,Relance de variante après échec de prenom.nom@ ; nom non vérifié sur une page ouverte.,,,,,,,,,,,,,,,,,,,,,,,Entreprises creatives (hors verticale directe),,a qualifier,prioritaire,livrable,"Fiction et production live-action (films, séries)",,,,,,,,,,,scanned,review,lea_MRat4Rs9Bs2hGYdQN
deliverable,patience.stevens@cardova.tv,Patience,Stevens,,,,,Owner & Managing Director,,,Cardova,cardova.tv,South Africa,,,,a verifier,B,"Accroche : relance de Top Billing sur S3 (30 avril 2026), en plus d'Afternoon Express et d'Expresso. Réserves : ZoomInfo masque les adresses (a***@, s***@…), donc modèle non déterminé ; serveur mail auto-hébergé (mail.cardova.tv) ; 2e source : https://iol.co.za/sunday-tribune/news/2026-04-21-top-billing-returns-a-fresh-chapter-with-new-and-familiar-faces/",,,,,,,,,,,,,,,,,,https://www.glamour.co.za/lifestyle/top-billing-announces-star-studded-presenter-line-up-for-highly-anticipated-comeback-season-16454309-9fd1-40ef-950e-a8a6c32db3ae,,,,,Entreprises creatives (hors verticale directe),,a qualifier,prioritaire,livrable,"Publicité, documentaire et TV factuelle",,,,,,,,,,,scanned,review,lea_NvPwXK35EaErp7tDT
deliverable,pbresson@insigniaproductions.global,Philippe,Bresson,,,,,co-fondateur,,,Insignia Productions,insigniaproductions.global,Kenya,,,,a verifier,C,Relance de variante après échec de prenom.nom@ ; nom non vérifié sur une page ouverte.,"Insignia began with a simple idea — to revolutionize video production in East Africa and beyond. Since the company’s launch in 2007, Insignia Productions has progressively increased the standards of audio/visual production offering more creative and sophisticated ways to relate stories to East African audiences.

Insignia Productions has expanded its portfolio to include TV episodes, films, documentaries, and TV commercials and boasts a list of clients from media production houses to non-profit organizations to corporations.",26,8,2007,"nairobi, Kenya","Technology, Information and Media","Nairobi, Kenya",https://media.licdn.com/dms/image/v2/C4E0BAQE6Tx4_24FUKA/company-logo_200_200/company-logo_200_200/0/1648389135424/insigniaproductions_logo?e=2147483647&v=beta&t=FCj7m5HV8RhxGGObbpsZx0-Zk9wFhygv6xDqvAP-Tns,11-50,Media and Telecommunications,"Apache, Apache HTTP Server, Cloudflare, Cloudflare CDN, Cloudflare DNS, Cloudflare Insights, Cloudflare Web Optimizations, Contact Form 7, FitVids.js, Font Awesome, Google Fonts API, Google Hosted Libraries, Google Maps, Google Search Console, Google Workspace, HSTS, HTTP/3, Headroom.js, Isotope, JSON-LD, Joinchat, MySQL, Open Graph, PHP, Priority Hints, RSS, RankMath SEO, Really Simple Discovery, Slick, Slider Revolution, Typed.js, WP Rocket, WhatsApp Business, WordPress, X-Content-Type-Options, X-XSS-Protection, gstatic.com, imagesLoaded, jQuery, jQuery Migrate, jQuery Waypoints, oEmbed",Public Company,https://www.linkedin.com/company/insigniaproductions,,,,,,,,,,Entreprises creatives (hors verticale directe),,a qualifier,repousse par Garry,livrable,"Fiction et production live-action (films, séries)",,,,,,,,,,,scanned,review,lea_NwYumqEJeca3fcTFb
risky,naz@inkblotproductions.com,Naz,Onuzo,,,,,cofondateur,,,Inkblot Productions,inkblotproductions.com,Nigeria,,,,a verifier,C,Relance de variante après échec de prenom.nom@ ; nom non vérifié sur une page ouverte.,,,,,,,,,,,,,,,,,,,,,,,Entreprises creatives (hors verticale directe),,a qualifier,prioritaire,risqué,"Fiction et production live-action (films, séries)",,,,,,,,,,,scanned,review,lea_QDBfbZEYxfyrNENd5
deliverable,kunle@goldeneffectspictures.com,Kunle,Afolayan,,,,,Managing Director & CEO,,,Golden Effects Pictures,goldeneffectspictures.com,Nigeria,,,,a verifier,B,"Accroche : retour en salles avec « Recall » (avril 2025) et série « Aníkúlápó: Rise of the Spectre » annoncée au slate Netflix 2026 (https://www.bellanaija.com/2026/01/netflix-africa-2026-movie-slate/). Rôle CEO confirmé par https://en.wikipedia.org/wiki/Kunle_Afolayan . MX Microsoft 365. Structure fondée en 2005, 11-50 pers. mais très centrée sur le fondateur : prenom@ choisi ; ZoomInfo affiche une adresse masquée k***@ (extrait non ouvert, non concluant) ; variante kunle.afolayan@.","A high profile movie production company in Nigeria that produced the likes of award winning movies IRAPADA, THE FIGURINE AND PHONE SWAP.....we are into Film/TV production, Film & TV Equipment sales & Rentals, Casting and Training.......Partnerships in Movie/TV Productions",22,0,2005,"Ikeja, Nigeria","Technology, Information and Media","Ikeja, Lagos State, Nigeria",https://media.licdn.com/dms/image/v2/C560BAQH1fceJgBtbvw/company-logo_200_200/company-logo_200_200/0/1631348970896?e=2147483647&v=beta&t=YZ2x6kmUnU4rn2wu2HgEGUmolzy6X-f1epzkRaFfrL4,11-50,Media and Telecommunications,,Privately Held,https://www.linkedin.com/company/golden-effects-pictures-ltd,,,,,https://whatkeptmeup.com/nigerian-film-industry-articles/after-a-netflix-focused-era-kunle-afolayan-brings-recall-to-the-big-screen/,,,,,Entreprises creatives (hors verticale directe),,compte moyen,prioritaire,livrable,"Fiction et production live-action (films, séries)",,"11-50 personnes, fondee en 2005",,,,,,,,,scanned,review,lea_Qmb8TqcvAnJRoi4ug
deliverable,phil.cunningham@sunriseproductions.tv,Phil,Cunningham,,,,,fondateur,,,Sunrise Productions,sunriseproductions.tv,South Africa,,,,a verifier,B,"Nom et poste issus uniquement d'un résumé de recherche (page non ouverte, réseau bloqué) ; domaine non vérifié.",,,,,,,,,,,,,,,,,,,,,,,Entreprises creatives (hors verticale directe),,a qualifier,prioritaire,livrable,Animation / VFX / immersif,,,,,,,,,,,scanned,review,lea_RP7AtbiZZ6vSKZDoK
risky,oscar.nyamu@movingshotpictures.com,Oscar,Nyamu,,,,,co-fondateur & MD,,,Moving Shot Pictures,movingshotpictures.com,Kenya,,,,a verifier,B,"Nom et poste issus uniquement d'un résumé de recherche (page non ouverte, réseau bloqué) ; domaine non vérifié.",,,,,,,,,,,,,,,,,,,,,,,Entreprises creatives (hors verticale directe),,a qualifier,repousse par Garry,risqué,"Fiction et production live-action (films, séries)",,,,,,,,,,,scanned,review,lea_RYXDC9WsL4fJ4D2v8
deliverable,gkahaki@insigniaproductions.global,Grace,Kahaki,,,,,co-fondateur,,,Insignia Productions,insigniaproductions.global,Kenya,,,,a verifier,C,Relance de variante après échec de prenom.nom@ ; nom non vérifié sur une page ouverte.,"Insignia began with a simple idea — to revolutionize video production in East Africa and beyond. Since the company’s launch in 2007, Insignia Productions has progressively increased the standards of audio/visual production offering more creative and sophisticated ways to relate stories to East African audiences.

Insignia Productions has expanded its portfolio to include TV episodes, films, documentaries, and TV commercials and boasts a list of clients from media production houses to non-profit organizations to corporations.",26,8,2007,"nairobi, Kenya","Technology, Information and Media","Nairobi, Kenya",https://media.licdn.com/dms/image/v2/C4E0BAQE6Tx4_24FUKA/company-logo_200_200/company-logo_200_200/0/1648389135424/insigniaproductions_logo?e=2147483647&v=beta&t=FCj7m5HV8RhxGGObbpsZx0-Zk9wFhygv6xDqvAP-Tns,11-50,Media and Telecommunications,"Apache, Apache HTTP Server, Cloudflare, Cloudflare CDN, Cloudflare DNS, Cloudflare Insights, Cloudflare Web Optimizations, Contact Form 7, FitVids.js, Font Awesome, Google Fonts API, Google Hosted Libraries, Google Maps, Google Search Console, Google Workspace, HSTS, HTTP/3, Headroom.js, Isotope, JSON-LD, Joinchat, MySQL, Open Graph, PHP, Priority Hints, RSS, RankMath SEO, Really Simple Discovery, Slick, Slider Revolution, Typed.js, WP Rocket, WhatsApp Business, WordPress, X-Content-Type-Options, X-XSS-Protection, gstatic.com, imagesLoaded, jQuery, jQuery Migrate, jQuery Waypoints, oEmbed",Public Company,https://www.linkedin.com/company/insigniaproductions,,,,,,,,,,Entreprises creatives (hors verticale directe),,a qualifier,repousse par Garry,livrable,"Fiction et production live-action (films, séries)",,,,,,,,,,,scanned,review,lea_T6XfviyDBGHL4HGx6
deliverable,studiozubaa@gmail.com,Kahenya,Kangethe,,,,,Co-founder,,,Studio Zubaa,studiozubaa.com,Kenya,,,,a verifier,C,"Accroche : pitch de Sasa's Island (2D, 6-8 ans) sur la scene du MIFA 2026. Reserves : studio cree en 2023 (moins de 5 ans), petite structure ; contact public studiozubaa@gmail.com (hors domaine) ; MX Safaricom Business ; 2e source : https://www.linkedin.com/in/kahenya-kangethe-623b011b3/",,,,,,,,,,,,,,,,,,https://www.ecostylia.com/en/east-african-animation-annecy/,,,,,Entreprises creatives (hors verticale directe),,petit compte,repousse par Garry,livrable,Animation / VFX / immersif,kahenya@studiozubaa.com,"studio cree en 2023, petite structure",,,,,,,,,scanned,review,lea_TrPrBumKAXuT3StkF
deliverable,cedric@dric.rw,Cedric,Karemangingo,,,,,Founder & Creative Director,,,Dric Ent,dric.rw,Rwanda,,,,a verifier,C,"Accroche : agence de production pub/clips/documentaires fondée en 2017 (clients MTN, RwandAir, SKOL). 2e source : https://www.zoominfo.com/p/Cedric-Karemangingo/17664782294 (fiche indiquant le poste en 2026) ; l'article New Times est ancien. MX Zoho. ZoomInfo affiche ****@dric.rw masqué ; contact public vu : cedrick.dric@gmail.com (hors domaine). Réserve : structure jeune, orientée clips musicaux.","Dric Ent is a leading audio-visual production company in Rwanda that is rated with excellence in creative storytelling, cinematography, sound design, and lighting techniques. We specialize in delivering top-notch videography and photography services, motion graphic design, graphic design, and branding services using the latest and trendiest technology.",15,15,2015,"Kigali City, Rwanda","Technology, Information and Media","Kigali City, Rwanda",https://media.licdn.com/dms/image/v2/C4D0BAQH-SxCaGOjC6Q/company-logo_200_200/company-logo_200_200/0/1660749119872?e=2147483647&v=beta&t=6VjE88Bx8ep1FcwZIh7croUsTqPKOazrYRLInvoA2LU,11-50,Media and Telecommunications,"Bluehost, Bootstrap, Cloudflare, Cloudflare CDN, Cloudflare DNS, Cloudflare Insights, Cloudflare Web Optimizations, Elementor, FancyBox, Font Awesome, Google Analytics, Google Fonts API, Google Maps, Google Tag Manager, Google Workspace, HTTP/3, Lightbox, LiteSpeed, LiteSpeed Cache, Magnific Popup, MySQL, Namecheap Hosting, PHP, PWA, Priority Hints, RSS, Really Simple Discovery, Swiper, WhatsApp Business, WordPress, X-Content-Type-Options, X-XSS-Protection, YouTube, Zoho Mail, cPanel, cdnjs, imagesLoaded, jQuery, jQuery Migrate, jsDelivr, oEmbed",Privately Held,https://www.linkedin.com/company/dric-ent,,,,,https://www.newtimes.co.rw/article/183591/Entertainment/cedric-karemangingoas-journey-to-video-directing,,,,,Entreprises creatives (hors verticale directe),,a qualifier,prioritaire (territoire francophone),livrable,"Publicité, documentaire et TV factuelle",,,,,,,,,,,scanned,review,lea_ZYDihzFqmtimqrzLb
deliverable,glenn@seamonster.co.za,Glenn,Gillis,,,,,Co-founder & CEO,,,Sea Monster Entertainment,seamonster.co.za,South Africa,,,,a verifier,B,"Studio cape-towien né de Clockwork Zoo (2011, ~35 pers.), animation 2D + 80 jeux à impact ; Gillis préside Games for Change Africa. 2e source : https://www.heavychef.com/blog/live-recipe-gamifying-growth-with-glenn-gillis. MX Google Workspace (seamonster.co.za ; le site actuel est seamonster.digital, aussi Google). Taille >10 mais l'agrégateur indique first@ : prenom@ retenu, extraits non ouverts.",Sea Monster builds Impact Games that drive business goals and social outcomes for global brands and organisations.,20,5,2011,"Cape Town, South Africa",Entertainment Providers,"Cape Town, City of Cape Town, Western Cape, South Africa",https://media.licdn.com/dms/image/v2/C4D0BAQFsPy809G4o3w/company-logo_200_200/company-logo_200_200/0/1678708911383?e=2147483647&v=beta&t=svlGkNV_HHz4h6q__twGgcCy6OdxeEeg1YzaQgq9dQU,11-50,,,Privately Held,https://www.linkedin.com/company/sea-monster,,,,,https://www.pocketgamer.biz/sea-monster-ceo-glenn-gillis-talks-15-years-of-growth-africas-games-industry-and-what-comes-next/,,,,,Global Trade Bodies,Preside Games for Change Africa.,grand compte,prioritaire,livrable,Animation / VFX / immersif,,~35 personnes,,,,,,,,,scanned,review,lea_c3GJtrbzv42qicvmg
risky,audrey@jengavisuals.co.ke,Audrey,Restetuta Tanya,,,,,Co-founder & Creative Producer,,,Jenga Visuals Ltd,jengavisuals.co.ke,Kenya,,,,a verifier,C,"Accroche : PAA saison 4 (8 épisodes) et Visasi/Stinger pour Maisha Magic/Showmax, Rotterdam Lab 2026. Réserves : date de création inconnue (critère 5 ans non vérifié) ; nom de famille composé (adresse à confirmer) ; MX auto-hébergé ; 2e source https://africatimesnetwork.co.ke/from-self-doubt-to-global-stages-how-audrey-tanya-is-building-an-african-film-legacy/",,,,,,,,,,,,,,,,,,https://iffr.com/en/iffr-pro/talent-development/rotterdam-lab/rotterdam-lab-participants-2026,,,,,Entreprises creatives (hors verticale directe),,a qualifier,repousse par Garry,risqué,"Fiction et production live-action (films, séries)",,,,,,,,,,,scanned,review,lea_cQFf3rcNk6jgjwP9F
risky,juliet@bsiff.org,Juliet,Asante,,,,,Founder & Executive Director,,,Black Star International Film Festival (Juliet Asante / Eagle Productions),bsiff.org,Ghana,,,,a verifier,C,"Accroche : accord de distribution BSIFF–Majestic Cinemas (Côte d'Ivoire) avec doublage anglais/français, pont naturel avec une offre francophone. 2e source : https://en.wikipedia.org/wiki/Juliet_Asante (fondatrice BSIFF et CEO d'Eagle Productions, fondée 1999). Réserves : festival et non maison de production ; Eagle Productions n'a aucun domaine trouvé ; MX bsiff.org auto-hébergé (fournisseur autre).",,,,,,,,,,,,,,,,,,https://deadline.com/2025/09/black-star-film-festival-ghana-ivory-coast-majestic-cinemas-1236566036/,,,,,Global Cultural Diplomacy,"Accord BSIFF-Majestic Cinemas pour distribuer des films ghaneens en Afrique de l'Ouest francophone, avec doublage anglais/francais. Porte aussi la verticale Creative Events comme fondatrice du festival.",a qualifier,prioritaire,risqué,"Festivals, événementiel et médias interactifs",,,,,,,,,,,scanned,review,lea_cay2ZqQJ5JHSDaBs9
deliverable,naddya@nalostudios.com,Naddya,Oluoch-Olunya,,,,,Founder & CEO,,,Nalo Studios,nalostudios.com,Kenya,,,,a verifier,B,"Accroche : realisatrice primee a Annecy, studio prestataire de Walt Disney Animation, Netflix Animation et Nickelodeon, slate d'originaux en developpement. Reserves : aucune adresse observee sur le domaine ; MX Google Workspace ; 2e source : https://ke.linkedin.com/in/nalostudios ; structure portee par la fondatrice (taille inconnue).",,,,,,,,,,,,,,,,,,https://www.womeningames.org/a-warm-welcome-to-our-new-individual-ambassadors-of-2025/,,,,,Global Trade Bodies,"Ambassadrice Women in Games 2025 ; studio prestataire de Walt Disney Animation, Netflix Animation et Nickelodeon.",a qualifier,repousse par Garry,livrable,Animation / VFX / immersif,,,,,,,,,,,scanned,review,lea_crYasvnnjRLrvRSnS
risky,bb.sasore@nemsiastudios.com,BB,Sasore,,,,,cofondateur,,,Nemsia Studios,nemsiastudios.com,Nigeria,,,,a verifier,B,"Nom et poste issus uniquement d'un résumé de recherche (page non ouverte, réseau bloqué) ; domaine non vérifié.","From the biggest multinationals to the humble startups, Nemsia has worked with numerous brands in various capacities: branding, strategy, design, web, video production, media purchase, and full service campaigns. Our core competence however remains in video production.",12,0,2009,"Lagos, Ilupeju, United States",,"20 Association Ave Obanikoro bus-stop; Lagos, Ilupeju 100242, NG",https://media-exp1.licdn.com/dms/image/C4D0BAQG0cA02p297iQ/company-logo_200_200/0?e=2159024400&v=beta&t=SzgsytdcdbSBWCXX-NiV0h3Qs5JHTP76G4Ib612RDU8,1-10,,"Apache, Apache HTTP Server, Astra, Babel, Cloudflare, Cloudflare Bot Management, Contact Form 7, Custom Twitter Feeds, Elementor, Elementor Header & Footer Builder, Font Awesome, GoDaddy CoBlocks, Google Fonts API, Google Workspace, HSTS, HTTP/3, Hover, Instagram Feed for WordPress, Ionicons, Isotope, Lightbox, Magnific Popup, Modernizr, MySQL, PHP, Piwik PRO Core, Priority Hints, RSS, Really Simple Discovery, Slider Revolution, Smash Balloon Instagram Feed, Swiper, Underscore.js, Vimeo, WPForms, WooCommerce, WordPress, WordPress Block Editor, WordPress Super Cache, X-Content-Type-Options, X-XSS-Protection, YouTube, cdnjs, core-js, iCIMS, jQuery, jQuery Migrate, oEmbed, parallax.js, particles.js",Privately Held,https://www.linkedin.com/company/nemsia-studios,,,,,,,,,,Entreprises creatives (hors verticale directe),,a qualifier,prioritaire,risqué,"Fiction et production live-action (films, séries)",,,,,,,,,,,scanned,review,lea_dWb9y45A5yrCC3hua
deliverable,kagiso@diprente.co.za,Kagiso,Lediga,,,,,"Co-founder, Writer/Director & Producer",,,Diprente,diprente.co.za,South Africa,,,,a verifier,B,"Accroche : adaptation de Jonas Jonasson coproduite avec Joni Sighvatsson, tournage 2026. Réserves : 2e source https://www.actorspaces.co.za/diprente-presents-sabbatical-a-bold-bittersweet-drama-with-heart-and-humour/ (producteur de Sabbatical, 2025) ; même structure que Tamsin Andersson, à séquencer ; Google Workspace ; extraits non ouverts.",,16,'-16,,"Johannesburg, South Africa","Technology, Information and Media","Johannesburg, City of Johannesburg Metropolitan Municipality, Gauteng, South Africa",https://media.licdn.com/dms/image/v2/C560BAQFrOyw3wf4ysA/company-logo_200_200/company-logo_200_200/0/1630600320204?e=2147483647&v=beta&t=rM4MSDL3RS6YI8xPIfRqAQIcu1tKnrTwsHxlIF-h5RU,11-50,Media and Telecommunications,"Apache, Apache HTTP Server, Contact Form 7, CookieYes, Framer Motion, Framer Sites, Google Analytics, Google Fonts API, Google Search Console, Google Tag Manager, Google Workspace, HSTS, HTTP/3, JSON-LD, MySQL, Open Graph, PHP, Priority Hints, RSS, Slider Revolution, WordPress, X-Content-Type-Options, Yoast SEO, gstatic.com, html5media, jQuery, jQuery Migrate, oEmbed",Privately Held,https://www.linkedin.com/company/diprente,,,,,https://variety.com/2025/film/global/joni-sighvatsson-david-lynch-netflix-the-global-ensemble-drama-diprente-media-1236298641/,,,,,Entreprises creatives (hors verticale directe),,a qualifier,prioritaire,livrable,"Fiction et production live-action (films, séries)",,,,,,,,,,,scanned,review,lea_esk2CRcGzrDbaZWwi
deliverable,tulanana@onastories.com,Tulanana,Bohela,,,,,Co-founder & Director,,,OnaStories Group,onastories.com,Tanzania,,,,a verifier,B,"Accroche : studio de narration immersive (AR/VR/360, IA) fondé en 2016, Tanzanie, clients ONU/UNCDF, UN-Habitat, Vodacom Foundation, CRDB Bank. Réserves : 2e source = https://en.wikipedia.org/wiki/Tulanana_Bohela (+ LinkedIn Director/Co-founder) ; extraits non ouverts ; MX Google Workspace ; ZoomInfo affiche des adresses masquées t***@, m***@, f***@ (compatibles prenom@ mais non probantes) ; hello@ vu dans un extrait de recherche ; structure plus tech/immersif que production audiovisuelle classique.","Tanzania's first AR, VR and Story-doing company. Ona helps you find and tell your story well. Change minds, win hearts or both!
",11,'-15,,"Dar es Salaam, Tanzania",Professional Services,"Dar es-Salaam, Coastal Zone, Tanzania",https://media.licdn.com/dms/image/v2/C560BAQEp-zHNDyWEsg/company-logo_200_200/company-logo_200_200/0/1630628226375?e=2147483647&v=beta&t=LMiLIT71TVniilZtCPClsDvvlx8kk9Igk3KppIq6t4g,1-10,Advertising Services,"Adobe ColdFusion, Apache, Apache HTTP Server, Apollo Client, CFML, Cloudflare, Cloudflare CDN, Cloudflare Insights, Cloudflare Web Optimizations, Datadog Real User Monitoring, Emotion, Endurance Page Cache, Envoy, Express, Font Awesome, Google Analytics, Google Fonts API, Google Search Console, Google Tag Manager, Google Workspace, HSTS, HTTP/2, HTTP/3, JSON-LD, Just Host, Loadable-Components, Medium, MySQL, Node.js, OWL Carousel, Open Graph, PHP, PWA, RSS, React, React Router, Really Simple Discovery, Really Simple SSL & Security, Redux, Slider Revolution, Tidio, Twitter Cards, WordPress, X-Content-Type-Options, gstatic.com, html2canvas, jQuery, math.js, oEmbed, reCAPTCHA",Partnership,https://www.linkedin.com/company/onastories,,,,,https://www.thecitizen.co.tz/tanzania/news/national/creative-sector-calls-for-financial-legal-reforms-to-unlock-tanzania-s-creative-economy-5584196,,,,,Global Institutions,"Clients ONU/UNCDF, UN-Habitat et Vodacom Foundation. Intervient aussi publiquement sur la fiscalite des creatifs tanzaniens, ce qui lui donne une casquette de filiere.",a qualifier,hors territoire,livrable,Animation / VFX / immersif,,,,,,,,,,,scanned,review,lea_fFhdXhDCPj2WZyuae
deliverable,philip@philitproductions.tv,Philip,Karanja,,,,,Co-founder & CEO,,,Phil-It Productions,philitproductions.tv,Kenya,,,,a verifier,A,"Accroche : Makosa Ni Yangu (AMVCA 2025, première record à 6 000 spectateurs) et Untying Kantai (Showmax) ; maison fondée en 2012. Réserves : MX auto-hébergé (philitproductions.tv, probablement cPanel) ; seule adresse nominative vue = bobb@philitproductions.tv (titulaire inconnu, format indéterminable) ; philittv.com sans MX ; 2e source https://en.wikipedia.org/wiki/Philip_Karanja",,,,,,,,,,,,,,,,,,https://www.kbc.co.ke/abel-mutua-philip-karanja-win-at-the-2025-amvca/,,,,,Entreprises creatives (hors verticale directe),,a qualifier,repousse par Garry,non verifiable (serveur muet),"Fiction et production live-action (films, séries)",philip.karanja@philitproductions.tv,,,,,,,,,,scanned,review,lea_gJt4wp6Xs82hBfWse
deliverable,tamsin@diprente.co.za,Tamsin,Andersson,,,,,Co-founder & Producer,,,Diprente,diprente.co.za,South Africa,,,,a verifier,B,Accroche : production de « Sabbatical » de Karabo Lediga (2025) après Queen Sono et Classified. Réserves : 2e source https://www.actorspaces.co.za/diprente-presents-sabbatical-a-bold-bittersweet-drama-with-heart-and-humour/ ; Google Workspace ; RocketReach annonce un format prenom@ mais aucune adresse complète vue ; extraits non ouverts.,,16,'-16,,"Johannesburg, South Africa","Technology, Information and Media","Johannesburg, City of Johannesburg Metropolitan Municipality, Gauteng, South Africa",https://media.licdn.com/dms/image/v2/C560BAQFrOyw3wf4ysA/company-logo_200_200/company-logo_200_200/0/1630600320204?e=2147483647&v=beta&t=rM4MSDL3RS6YI8xPIfRqAQIcu1tKnrTwsHxlIF-h5RU,11-50,Media and Telecommunications,"Apache, Apache HTTP Server, Contact Form 7, CookieYes, Framer Motion, Framer Sites, Google Analytics, Google Fonts API, Google Search Console, Google Tag Manager, Google Workspace, HSTS, HTTP/3, JSON-LD, MySQL, Open Graph, PHP, Priority Hints, RSS, Slider Revolution, WordPress, X-Content-Type-Options, Yoast SEO, gstatic.com, html5media, jQuery, jQuery Migrate, oEmbed",Privately Held,https://www.linkedin.com/company/diprente,,,,,https://www.news24.com/life/arts-and-entertainment/film/karabo-lediga-pays-tribute-to-her-larger-than-life-mom-in-heartfelt-new-film-sabbatical-20250507-0932,,,,,Entreprises creatives (hors verticale directe),,a qualifier,prioritaire,livrable,"Fiction et production live-action (films, séries)",,,,,,,,,,,scanned,review,lea_j9FkPyKSNBLsshYTF
deliverable,kemi@kemiadetiba.com,Kemi,Adetiba,,,,,Founder & Director,,,Kemi Adetiba Visuals,kemiadetiba.com,Nigeria,,,,a verifier,B,"Accroche : série Netflix « To Kill a Monkey » (juillet 2025), produite sous la bannière Kemi Adetiba Visuals, et auditions pour « The Stool ». 2e source : https://www.bellanaija.com/2025/06/kemi-adetiba-to-kill-a-monkey-trailer/ . MX Proofpoint (passerelle de filtrage, risque de rejet). Domaine au nom de la fondatrice, donné comme site de KAV dans les extraits. Petite structure (fondée 2015) : prenom@.",,,,,,,,,,,,,,,,,,https://en.wikipedia.org/wiki/To_Kill_a_Monkey,,,,,Entreprises creatives (hors verticale directe),,petit compte,prioritaire,livrable,"Fiction et production live-action (films, séries)",,"structure au nom de la fondatrice, creee en 2015",,,,,,,,,scanned,review,lea_jLetiAu7y67eWZ57v
risky,raymond.malinga@creatures.africa,Raymond,Malinga,,,,,CEO,,,Creatures Animation Studio,creatures.africa,Uganda,,,,a verifier,B,"Nom et poste issus uniquement d'un résumé de recherche (page non ouverte, réseau bloqué) ; domaine non vérifié.",,,,,,,,,,,,,,,,,,,,,,,Entreprises creatives (hors verticale directe),,a qualifier,hors territoire,risqué,Animation / VFX / immersif,,,,,,,,,,,scanned,review,lea_nKTGRpuDiRCB7KZck
risky,zulumoke@inkblotproductions.com,Zulumoke,Oyibo,,,,,cofondateur,,,Inkblot Productions,inkblotproductions.com,Nigeria,,,,a verifier,C,Relance de variante après échec de prenom.nom@ ; nom non vérifié sur une page ouverte.,,,,,,,,,,,,,,,,,,,,,,,Entreprises creatives (hors verticale directe),,a qualifier,prioritaire,risqué,"Fiction et production live-action (films, séries)",,,,,,,,,,,scanned,review,lea_niiZbJPoZJra722Ez
risky,femi@zuri24media.com,Femi,Odugbemi,,,,,Founder & Executive Producer,,,Zuri24 Media,zuri24media.com,Nigeria,,,,a verifier,B,"Accroche : séries Battleground, Brethren, Covenant, Movement: Japa et lancement du hub de production BLACKBox à Lekki (https://thelagosreview.ng/blackbox-femi-odugbemi-launches-creative-hub-for-storytelling-content-innovation/). 2e source rôle : https://en.wikipedia.org/wiki/Femi_Odugbemi . MX auto-hébergé (zuri24media.com), ni Google ni Microsoft. Fait aussi de la pub/TVC et du documentaire. Réserve : dernière production datée non trouvée dans les extraits.",,10,0,,,,,,,,"Apache, Apache HTTP Server, Bootstrap, Tawk.to",,https://www.linkedin.com/company/zuri24-media,,,,,https://marketingedge.com.ng/meet-marketing-edge-2026-national-marketing-stakehokders-summit-panellist-femi-odugbemi/,,,,,Global Institutions,"A lance le hub de production BLACKBox a Lekki, qui heberge Zuri24 : structure d'accueil plus que simple maison de production.",a qualifier,prioritaire,risqué,"Fiction et production live-action (films, séries)",,,,,,,,,,,scanned,review,lea_no6a8EnhSzNb4AuHW
deliverable,stuart.forrest@triggerfish.com,Stuart,Forrest,,,,,CEO,,,Triggerfish Animation Studios,triggerfish.com,South Africa,,,,a verifier,B,"Nom et poste issus uniquement d'un résumé de recherche (page non ouverte, réseau bloqué) ; domaine non vérifié.",,,,,,,,,,,,,,,,,,,,,,,Entreprises creatives (hors verticale directe),,a qualifier,prioritaire,livrable,Animation / VFX / immersif,,,,,,,,,,,scanned,review,lea_o6wM7WGeFWnhvabHa
deliverable,gwamaka.mwabuka@tai.or.tz,Gwamaka,Mwabuka,,,,,co-fondateur/directeur,,,Tai Studios / Tai Tanzania,tai.or.tz,Tanzania,,,,a verifier,C,"Nom et poste issus uniquement d'un résumé de recherche (page non ouverte, réseau bloqué) ; domaine non vérifié. Réserve : structure possiblement ONG.",,,,,,,,,,,,,,,,,,,,,,,Global Institutions,"Domaine en .or.tz et structure possiblement ONG, d'apres la note du fichier source : a qualifier avant de l'approcher comme entreprise.",a qualifier,hors territoire,livrable,Animation / VFX / immersif,,,,,,,,,,,scanned,review,lea_oqghdcAt7CM8dQMhZ
undeliverable,afeafa.nfojoh@adesaproductionslimited.com,Afeafa,Nfojoh,,,,,General Manager,,,Adesa Productions Limited (Media General),mg.com.gh,Ghana,,,,a verifier,A,"Accroche : Adesa produit la Ghana Premier League depuis 2025/26 (accord GFA juillet 2025) et des formats TV3 (Ghana's Most Beautiful, Mentor). 2e source : https://www.adesaproductionslimited.com/about/leadership + https://www.3music.tv/section/news/article/3music-tv-40-women-in-african-entertainment-2025-03-14 (2025). Réserves : ZoomInfo indique une adresse masquée ****@mg.com.gh (domaine du groupe Media General, Google Workspace) ; le site propre adesaproductionslimited.com a un MX (mail.nitmail.net), alternative afeafa.nfojoh@adesaproductionslimited.com ; un article 3news mentionne aussi une nomination comme GM de 3Group, à vérifier.",,,,,,,,,,,,,,,,,,https://www.graphic.com.gh/lifestyle/life/see-the-10-member-board-inaugurated-by-aag-to-organise-2026-gong-gong-awards.html,,,,,Global Creative Events,"Membre du board installe par l'AAG pour organiser les Gong Gong Awards 2026, et Adesa produit la Ghana Premier League depuis 2025/26.",a qualifier,prioritaire,non verifiable (serveur muet),"Publicité, documentaire et TV factuelle",afeafa.nfojoh@mg.com.gh,,,,,,,,,,scanned,review,lea_uZ2T7y9xfhPgHFc7d
deliverable,colette.otusheso@acceleratetv.com,Colette,Otusheso,,,,,CEO,,,Accelerate Media Group (AccelerateTV),acceleratetv.com,Nigeria,,,,a verifier,B,"Accroche : séries originales Accelerate Studios (Visa on Arrival saison 3, The Olive) et Accelerate Filmmaker Project. 2e source : https://thenet.ng/the-creative-sectors-biggest-challenge-is-the-lack-of-learning-infrastructure-colette-otusheso/ . MX Google Workspace, ~41 employés, fondée en 2014. Réserve : production récente datée 2024 dans les extraits ; un agrégateur (RocketReach) indique first.last@ à 85 %, non observé directement. Head of Production cité : Esse Akwawa (une seule source, non retenu).",,,,,,,,,,,,,,,,,,https://www.brandinginasia.com/gerety-awards-introduces-the-moments-cut-and-reveals-the-2026-grand-jury/,,,,,Global Creative Events,"Membre du grand jury des Gerety Awards 2026 et presente a NECLive 2025. Jure et non organisatrice : entree par le reseau, pas par la structure.",grand compte,prioritaire,livrable,"Fiction et production live-action (films, séries)",,"~41 employes, fondee en 2014",,,,,,,,,scanned,review,lea_ueGYs37hpfF3CFZKt
deliverable,dianne@fancyhorsestudios.com,Dianne,Makings,,,,,Co-founder & Producer,,,Fancy Horse Studios,fancyhorsestudios.com,South Africa,,,,a verifier,C,Accroche : première victoire sud-africaine au prix Lanzendorf PaleoArt (2025). Dianne Makings dirige aussi le Cape Town International Animation Festival (Animation SA) : bon relais réseau. 2e source : https://vertpaleo.org/past-award-winners-and-grant-recipients/. MX Google Workspace. Petit studio en télétravail (2 associés). Extraits non ouverts.,,,,,,,,,,,,,,,,,,https://www.dailymaverick.co.za/article/2025-11-18-sa-studio-wins-top-animation-prize-for-bringing-prehistoric-karoo-waterhole-to-life/,,,,,Global Creative Events,Dirige le Cape Town International Animation Festival (Animation SA) : double casquette evenement et organisme de filiere.,petit compte,prioritaire,livrable,Animation / VFX / immersif,,"2 associes, studio en teletravail",,,,,,,,,scanned,review,lea_uffgnrnMo3KeZHq4H
deliverable,paul@luma.co.za,Paul,Meyer,,,,,Co-founder & CEO,,,Luma Animation,luma.co.za,South Africa,,,,a verifier,B,"Studio de Johannesburg fondé en 2001 (~30 pers.), long métrage « Headspace » et SAFTA VFX 2024 pour Shaka iLembe. 2e source : https://za.linkedin.com/company/luma-animation (posts 2025, extrait). Les deux sources citant Meyer comme CEO ne sont pas clairement datées 2025 : à confirmer. MX Microsoft 365. Extraits non ouverts.","Luma is an internationally acclaimed animation studio based in Johannesburg, South Africa.
While we create beautiful animation, VFX and interactive experiences for almost any medium, we specialize in creating characters and bringing them to life. From our daily bread of TV commercials we have expanded to delivering content for film and TV both locally and internationally, as well as creating our own animated series and a variety of interactive content. We love what we do, and our passion shows in the quality of our work.
We look forward to helping you realize your extraordinary vision and create something truly memorable.",40,'-17,2001,"Johannesburg, South Africa","Technology, Information and Media","Johannesburg, City of Johannesburg Metropolitan Municipality, Gauteng, South Africa",https://media.licdn.com/dms/image/v2/C4E0BAQHUDaOw_NPOjw/company-logo_200_200/company-logo_200_200/0/1631335842933?e=2147483647&v=beta&t=4eFrWKRirQduo1y3FfW-NaS-CNsPKSzQt72G6X4en7c,11-50,Media and Telecommunications,"Cart Functionality, Cloudflare, Cloudflare DNS, Facebook Share Button, Google Analytics, Google Search Console, HSTS, HTTP/3, JSON-LD, Microsoft 365, Office 365, Open Graph, Piwik PRO Core, Preact, Priority Hints, RSS, React, Ruby, Ruby on Rails, Shopify, Tailwind CSS, X-Content-Type-Options, X-XSS-Protection, core-js, html5media, iCIMS, math.js",Privately Held,https://www.linkedin.com/company/luma-animation,,,$0 - $500K,,https://theanimationschool.co.za/blog/animation-companies-south-africa,,,,,Entreprises creatives (hors verticale directe),,grand compte,prioritaire,livrable,Animation / VFX / immersif,,"~30 personnes, fondee en 2001",,,,,,,,,scanned,review,lea_uhCRmgb399i8rTn2t
risky,theresa@charterhouseghana.com,Theresa,Ayoade,,,,,Co-Founder & CEO,,,Charterhouse Productions,charterhouseghana.com,Ghana,,,,solide,B,"Accroche : 27e édition des Telecel Ghana Music Awards (mai 2026) et 15 ans de partenariat Telecel ; structure fondée en 2000, surtout événementiel + production audiovisuelle/TV. 2e source : https://yen.com.gh/entertainment/celebrities/284277-charterhouse-ceo-theresa-ayoade-enrols-harvard-business-school-elevate-leadership-skills/ (2025). Modèle prenom@ vu dans un extrait de recherche (page contact non ouverte), cohérent avec ZoomInfo masqué a***@ ; MX auto-hébergé (ms1.cyterrasolutions.com, fournisseur autre).",,,,,,,,,,,,,,,,,,https://www.citinewsroom.com/2026/05/telecel-marks-15-years-as-headline-sponsor-of-27th-tgma/,,,,,Global Creative Events,"Charterhouse organise les Telecel Ghana Music Awards, 27e edition en mai 2026, 15 ans de partenariat Telecel. C'est bien l'organisme organisateur, pas le nom de l'evenement.",a qualifier,prioritaire,risqué,"Festivals, événementiel et médias interactifs",,,,,,,,,,,scanned,review,lea_wFk5TA99yhbv6qGcQ
deliverable,harriet@quizzical.co.za,Harriet,Gavshon,,,,,Founder & Creative Director / Executive Producer,,,Quizzical Pictures,quizzical.co.za,South Africa,,,,a verifier,A,"Accroche : Reyka puis la cosy crime « Murder by the Sea » (écrite par Darrel Bristow-Bovey) et « Love & Wine » pour Netflix. Réserves : 2e source https://www.bizcommunity.com/Profile/HarrietGavshon (non datée) ; Wikipedia la dit managing director ; mail via Mimecast (passerelle, fournisseur final inconnu) ; un extrait ZoomInfo masqué (h******@quizzical.co.za, 7 caractères) laisse penser à harriet@, à tester en priorité ; extraits non ouverts.","Quizzical Pictures is known for being one of the country's leading film and television producers. The company has 29 years experience in production and has a solid reputation as a creative innovator in the industry. The company was established in 1993 – first as Weekly Mail Television, then Mail and Guardian Television. In 1999 it separated from the Mail and Guardian and was renamed Curious Pictures and in 2012 changed names to Quizzical Pictures.

The Quizzical signature is defined by quality, rigorous research methods, uncompromising attention to detail and a commitment to telling resonant and relevant stories. This is evident across the range of our work which spans every genre; Drama, Film, Documentary, Reality, Branded Content and Live Activations.

We are black owned company (level 2 BBBEE) with twenty-six years experience, we enjoy a solid reputation as a creative innovator in the industry and have won countless awards over the years, including a prestigious Peabody Award for Intersexions, and a Rose D’Or for Hopeville. 

Our reel includes hit shows like Reyka, Savage Beauty, Intersexions, Heartlines, Masterchef, Rhythm City, The Girl from St Agnes and A Country Imagined, presented by Johnny Clegg. ",120,3,,"Randburg, South Africa","Technology, Information and Media","Randburg, City of Johannesburg Metropolitan Municipality, Gauteng, South Africa",https://media.licdn.com/dms/image/v2/C560BAQGtT8b9prGAtA/company-logo_200_200/company-logo_200_200/0/1631343232555?e=2147483647&v=beta&t=Rc9gFDkpgxLFS3MG_XXtYCwxU_jlhULoROXRLTIVz80,11-50,Media and Telecommunications,"Adobe Fonts, AfterPay, C3.js, Cart Functionality, Choices, Google Fonts API, Google Maps, Google Programmable Search Engine, HSTS, JSON-LD, Mimecast, Modernizr, Muffin Group, Open Graph, Piwik PRO Core, Priority Hints, Sitelinks Search Box, Squarespace, Squarespace Commerce, Stimulus, Webpack, X-Content-Type-Options, YUI, gstatic.com, html5media, iCIMS, jsDelivr, lit-html, math.js, parallax.js",Privately Held,https://www.linkedin.com/company/quizzical-pictures,,,$5M - $10M,,https://www.news24.com/drum/inspiration/from-soul-city-to-reyka-harriet-gavshon-on-empowering-women-making-tv-and-changing-the-game-20260827-0606,,,,,Entreprises creatives (hors verticale directe),,a qualifier,prioritaire,non verifiable (serveur muet),"Fiction et production live-action (films, séries)",harriet.gavshon@quizzical.co.za,,,,,,,,,,scanned,review,lea_wPxg5rqEKjimRpQzz