emailStatus,email,firstName,lastName,picture,phone,linkedinUrl,timezone,jobTitle,jobDescription,linkedinVideoUrl,companyName,companyDomain,country,zone,statutEmail,confiance,fiabilite,priorite,note,companyDescription,companyEmployeeCount,companyEmployeeGrowth,companyFoundedOn,companyHeadquarters,companyIndustry,companyLocation,companyPicture,companySize,companySubIndustry,companyTechnologies,companyType,companyLinkedinUrl,companyTagline,companySpecialties,companyRevenue,location,personSourceUrl,emailSourceUrl,modeleSourceUrl,emailGenerique,dernierePreuveActivite,birthday,civility,emailqualification,joincompanyin,locationname,occupation,phone1,phone2,lastState,status,_id
undeliverable,rehad@uhuruproductions.co.za,Rehad,Desai,,,,,Founder & Head (producer/director),,,Uhuru Productions,uhuruproductions.co.za,South Africa,Afrique du Sud - pub/documentaire/factual,devine,aucun modèle observé (prenom@ choisi : petite structure),a verifier,B,"Accroche : Vuka (Rise Up), sélectionné à Sheffield DocFest et au Hot Docs Forum 2026, après Capturing Water (Joburg Film Festival 2025). Réserves : petite équipe (1-10) ; MX hébergeur tiers (tld-mx.com, ni Google ni Microsoft) ; 2e source : https://realscreen.com/2026/03/18/hot-docs-unveils-lineups-for-2026-forum-deal-maker-programs/",,,,,,,,,,,,,,,,,,https://www.sheffdocfest.com/news/sheffield-docfest-announces-50-documentary-projects-2026-meetmarket,,,,2026 : projet documentaire Vuka (Rise Up) au MeetMarket de Sheffield DocFest et au Hot Docs Forum ; Capturing Water (2025),,,,,,,,,scanned,review,lea_3L4LLboF8ZGScZQy7
risky,femi@zuri24media.com,Femi,Odugbemi,,,,,Founder & Executive Producer,,,Zuri24 Media,zuri24media.com,Nigeria,Nigeria - production live-action,devine,aucun modèle observé (prenom@ choisi : petite structure),a verifier,B,"Accroche : séries Battleground, Brethren, Covenant, Movement: Japa et lancement du hub de production BLACKBox à Lekki (https://thelagosreview.ng/blackbox-femi-odugbemi-launches-creative-hub-for-storytelling-content-innovation/). 2e source rôle : https://en.wikipedia.org/wiki/Femi_Odugbemi . MX auto-hébergé (zuri24media.com), ni Google ni Microsoft. Fait aussi de la pub/TVC et du documentaire. Réserve : dernière production datée non trouvée dans les extraits.",,,,,,,,,,,,,,,,,,https://marketingedge.com.ng/meet-marketing-edge-2026-national-marketing-stakehokders-summit-panellist-femi-odugbemi/,,,info@zuri24media.com,2026 : panéliste Marketing Edge Summit ; lancement du hub BLACKBox (Lekki) qui héberge Zuri24,,,,,,,,,scanned,review,lea_4fzLGvAuyMGpftPrK
deliverable,kagiso@diprente.co.za,Kagiso,Lediga,,,,,"Co-founder, Writer/Director & Producer",,,Diprente,diprente.co.za,South Africa,Afrique du Sud - fiction,devine,aucun modèle observé (prenom@ choisi : petite structure),a verifier,B,"Accroche : adaptation de Jonas Jonasson coproduite avec Joni Sighvatsson, tournage 2026. Réserves : 2e source https://www.actorspaces.co.za/diprente-presents-sabbatical-a-bold-bittersweet-drama-with-heart-and-humour/ (producteur de Sabbatical, 2025) ; même structure que Tamsin Andersson, à séquencer ; Google Workspace ; extraits non ouverts.",,,,,,,,,,,,,,,,,,https://variety.com/2025/film/global/joni-sighvatsson-david-lynch-netflix-the-global-ensemble-drama-diprente-media-1236298641/,,,info@diprente.co.za,"Variety 2025 : « The Girl Who Saved the King of Sweden », tournage prévu en 2026",,,,,,,,,scanned,review,lea_5B5tvh8gp36DBapu9
risky,harriet.gavshon@quizzical.co.za,Harriet,Gavshon,,,,,Founder & Creative Director / Executive Producer,,,Quizzical Pictures,quizzical.co.za,South Africa,Afrique du Sud - fiction,devine,aucun modèle observé (prenom.nom@ choisi : grande structure),a verifier,A,"Accroche : Reyka puis la cosy crime « Murder by the Sea » (écrite par Darrel Bristow-Bovey) et « Love & Wine » pour Netflix. Réserves : 2e source https://www.bizcommunity.com/Profile/HarrietGavshon (non datée) ; Wikipedia la dit managing director ; mail via Mimecast (passerelle, fournisseur final inconnu) ; un extrait ZoomInfo masqué (h******@quizzical.co.za, 7 caractères) laisse penser à harriet@, à tester en priorité ; extraits non ouverts.",,,,,,,,,,,,,,,,,,https://www.news24.com/drum/inspiration/from-soul-city-to-reyka-harriet-gavshon-on-empowering-women-making-tv-and-changing-the-game-20260827-0606,,,quizzical@quizzical.co.za,Profil News24/Drum du 27/08/2026 ; prix Best Production Company 2025 aux NFTA ; tournage de « Murder by the Sea » annoncé,,,,,,,,,scanned,review,lea_82HY6iho5tNN2Dwty
deliverable,cedric@dric.rw,Cedric,Karemangingo,,,,,Founder & Creative Director,,,Dric Ent,dric.rw,Rwanda,Rwanda + Ouganda,devine,aucun modèle observé (prenom@ choisi : petite structure),a verifier,C,"Accroche : agence de production pub/clips/documentaires fondée en 2017 (clients MTN, RwandAir, SKOL). 2e source : https://www.zoominfo.com/p/Cedric-Karemangingo/17664782294 (fiche indiquant le poste en 2026) ; l'article New Times est ancien. MX Zoho. ZoomInfo affiche ****@dric.rw masqué ; contact public vu : cedrick.dric@gmail.com (hors domaine). Réserve : structure jeune, orientée clips musicaux.",,,,,,,,,,,,,,,,,,https://www.newtimes.co.rw/article/183591/Entertainment/cedric-karemangingoas-journey-to-video-directing,,,,"Site dric.rw : clients MTN, RwandAir, SKOL revendiqués en 2025",,,,,,,,,scanned,review,lea_84j9QfDkNx5BG2PXD
undeliverable,adebisi.adetayo@32ad.com.ng,Adebisi,Adetayo,,,,,Co-founder & Technical Director,,,32ad Animation Studios,32ad.com.ng,Nigeria,Nigeria - animation/VFX,devine,aucun modèle observé (prenom.nom@ choisi : grande structure),a verifier,B,"Accroche : studio de Lady Buckit and the Motley Mopsters, prépare « Secrets of the Multiverse » avec Robert Sledge (2e source : https://businessday.ng/bd-weekender/article/secrets-of-the-multiverse-unveils-cast-as-nigerian-animation-takes-its-next-step/ ; aussi africanfilmny.org/directors/bisi-adetayo). Réserves : extraits non ouverts ; studio de ~25 personnes fondé en 2012 ; MX auto-hébergé (mail.32ad.com.ng, ni Google ni Microsoft) ; il est directeur technique, pas CEO : la productrice Blessing Amidu porte aussi le projet ; variantes adebisi@ ou bisi@ possibles.",,,,,,,,,,,,,,,,,,https://www.thisdaylive.com/2025/08/10/five-years-after-lady-buckit-adebisi-adetayo-reaches-for-something-bigger/,,,coms@32ad.com.ng,"Série 13 épisodes « Secrets of the Multiverse » (suite de Lady Buckit), casting annoncé 2026, sortie partie 1 en 2026",,,,,,,,,scanned,review,lea_8E2etXLYeP2MTynDo
deliverable,kemi@kemiadetiba.com,Kemi,Adetiba,,,,,Founder & Director,,,Kemi Adetiba Visuals,kemiadetiba.com,Nigeria,Nigeria - production live-action,devine,aucun modèle observé (prenom@ choisi : petite structure),a verifier,B,"Accroche : série Netflix « To Kill a Monkey » (juillet 2025), produite sous la bannière Kemi Adetiba Visuals, et auditions pour « The Stool ». 2e source : https://www.bellanaija.com/2025/06/kemi-adetiba-to-kill-a-monkey-trailer/ . MX Proofpoint (passerelle de filtrage, risque de rejet). Domaine au nom de la fondatrice, donné comme site de KAV dans les extraits. Petite structure (fondée 2015) : prenom@.",,,,,,,,,,,,,,,,,,https://en.wikipedia.org/wiki/To_Kill_a_Monkey,,,contact@kemiadetiba.com,"2025-07 : série Netflix To Kill a Monkey ; 2026 : pré-production de son 5e film (The Stool, auditions nationales)",,,,,,,,,scanned,review,lea_9qhn6qk7RN7Yj6nLx
risky,juliet@bsiff.org,Juliet,Asante,,,,,Founder & Executive Director,,,Black Star International Film Festival (Juliet Asante / Eagle Productions),bsiff.org,Ghana,Ghana,devine,aucun modèle observé (prenom@ choisi : petite structure),a verifier,C,"Accroche : accord de distribution BSIFF–Majestic Cinemas (Côte d'Ivoire) avec doublage anglais/français, pont naturel avec une offre francophone. 2e source : https://en.wikipedia.org/wiki/Juliet_Asante (fondatrice BSIFF et CEO d'Eagle Productions, fondée 1999). Réserves : festival et non maison de production ; Eagle Productions n'a aucun domaine trouvé ; MX bsiff.org auto-hébergé (fournisseur autre).",,,,,,,,,,,,,,,,,,https://deadline.com/2025/09/black-star-film-festival-ghana-ivory-coast-majestic-cinemas-1236566036/,,,info@bsiff.org,2025-09 : accord BSIFF–Majestic Cinemas pour distribuer des films ghanéens en Afrique de l'Ouest francophone (Deadline) ; 11e édition sept. 2026 à Kumasi,,,,,,,,,scanned,review,lea_Bgt8fYgL5faNDgK66
risky,esther@radioxityacademy.org,Esther,Gbadamosi,,,,,CEO / Creative Director,,,Radioxity Media,radioxityacademy.org,Nigeria,Nigeria - animation/VFX,devine,aucun modèle observé (prenom@ choisi : petite structure),a verifier,C,"Accroche : pionnière du stop-motion au Nigeria (Berlinale Talents 2023, Mastercard Enablement Fellowship 2024), keynote Yabatech en avril 2026 (2e source : https://afrocritik.com/esther-kemi-gbadamosi-on-taking-nigerian-animated-films-to-berlinale-in-conversation-with-afrocritik/ ; aussi allafrica.com/stories/202604240521.html). Réserves : extraits non ouverts ; petit studio ; radioxitymedia.com (le site indiqué) n'existe pas en DNS, donc j'utilise le domaine de l'académie, MX auto-hébergé ; la seule adresse publiée est une Gmail personnelle (starkemmy@gmail.com, sur un annuaire), qui pourrait servir de repli.",,,,,,,,,,,,,,,,,,https://www.thisdaylive.com/2026/04/22/yabatech-boosts-digital-skills-with-stop-motion-animation-visual-storytelling/,,,,"Avril 2026 : keynote au symposium et atelier stop-motion de Yabatech, co-organisé avec la Radioxity Stop Motion Academy",,,,,,,,,scanned,review,lea_BmZjGbh95RqYk4yzb
risky,abel.mutua@philitproductions.tv,Abel,Mutua,,,,,Co-founder & Creative Director,,,Phil-It Productions,philitproductions.tv,Kenya,Kenya - production live-action,devine,aucun modèle observé (prenom.nom@ choisi : grande structure),a verifier,B,"Accroche : scénariste de Makosa Ni Yangu et Untying Kantai, primés aux AMVCA 2025. Réserves : 2e contact de la même structure (à séquencer après Philip Karanja) ; MX auto-hébergé ; bobb@ vu, format non déductible ; 2e source https://en.wikipedia.org/wiki/Abel_Mutua",,,,,,,,,,,,,,,,,,https://www.pulse.co.ke/story/abel-mutua-phil-directors-films-shine-at-continental-awards-2025051415202140923,,,,2025-05 : films primés aux AMVCA 2025,,,,,,,,,scanned,review,lea_Cd6LEjpHPAyftKT7m
undeliverable,eugene.mbugua@dnrstudios.co.ke,Eugene,Mbugua,,,,,Founder & CEO,,,D&R Studios,dnrstudios.co.ke,Kenya,Kenya - production live-action,devine,aucun modèle observé (prenom.nom@ choisi : grande structure),a verifier,A,"Accroche : catalogue (Real Housewives of Nairobi, The Mommy Club NBO, Being Bahati) distribué en Europe/Amérique du Nord par Rushlake depuis avril 2025 ; studio fondé en 2013, 51-200 personnes. Réserves : MX Zoho ; RocketReach annonce [first].[last] à 40 % (statistique d'agrégateur, pas une adresse observée) ; 2e source https://en.wikipedia.org/wiki/Eugene_Mbugua",,,,,,,,,,,,,,,,,,https://www.videoageinternational.net/2025/04/03/news/rushlake-reps-drs-kenyan-content/,,,info@dnrstudios.co.ke,2025-04 : accord de distribution internationale avec Rushlake Media,,,,,,,,,scanned,review,lea_ED4YuEH9zQTedXHEL
undeliverable,rudi.vanas@filmafrika.com,Rudi,van As,,,,,CEO,,,Film Afrika,filmafrika.com,South Africa,Afrique du Sud - fiction,devine,aucun modèle observé (prenom.nom@ choisi : grande structure),a verifier,A,Accroche : production de One Piece S3 pour Netflix et Tomorrow Studios au Cap. Réserves : entretien Film Cape Town daté de mars 2026 ; 2e source https://www.linkedin.com/in/rudi-van-as-6717bb30/ ; Microsoft 365 ; particule « van » : tester aussi rudi.van.as@ et rudi@ ; société surtout tournée vers les coproductions et services internationaux ; fondateur David Wicht ; extraits non ouverts.,"First class production service.

Film Afrika is resolutely driven to find the best creative solutions that ensure maximum production value specific to each film. We are known for delivering the highest quality films and television series for the international market, including shows with a US, UK and European setting. We bring together the country’s most experienced and sought-after producers, line producers, legal, business and financial personnel to provide a fully integrated infrastructure and first class production service. ​

Please direct all requests/enquiries to our dedicated email address info@filmafrika.com. We will route your request to the relevant individual.",,,,,Broadcast Media Production and Distribution,"Cape Town, ZA",https://media.licdn.com/dms/image/v2/D560BAQH8olg06KG9rA/company-logo_400_400/company-logo_400_400/0/1697572756791/film_afrika_logo?e=1787788800&v=beta&t=tsDPc7fOmSAm8AK51qYD_9NqTSrC2mjTa-juFJ-5vhU,11-50,,,Privately Held,https://www.linkedin.com/company/film-afrika,South Africa's leading production service company,"Production Services, Creative Solutions, Fully Integrated, Maximum Production Value, Highest Quality Films & TV Television Series",,,https://filmcapetown.com/rudi-van-as-from-the-bbc-to-ceo-at-film-afrika-entertainment/,,,info@filmafrika.com,Tournage de One Piece saison 3 au Cap (24/11/2025 - 19/06/2026) ; article The Callsheet du 27/11/2025,,,,,,,,,scanned,review,lea_KLrbkRGreE9JYLn4D
deliverable,paul@luma.co.za,Paul,Meyer,,,,,Co-founder & CEO,,,Luma Animation,luma.co.za,South Africa,Afrique du Sud - animation/VFX,devine,"aucun modèle observé (prenom@ choisi : ZoomInfo masque p***@luma.co.za, aucune adresse complète vue)",a verifier,B,"Studio de Johannesburg fondé en 2001 (~30 pers.), long métrage « Headspace » et SAFTA VFX 2024 pour Shaka iLembe. 2e source : https://za.linkedin.com/company/luma-animation (posts 2025, extrait). Les deux sources citant Meyer comme CEO ne sont pas clairement datées 2025 : à confirmer. MX Microsoft 365. Extraits non ouverts.",,,,,,,,,,,,,,,,,,https://theanimationschool.co.za/blog/animation-companies-south-africa,,https://www.zoominfo.com/p/Paul-Meyer/574470329,info@luma.co.za,2025-09 : VFX principal sur Kings of Jo'burg saison 3 (Netflix) ; 2025-12 : prix au Los Angeles Animation Festival pour « Every Dog has its Day »,,,,,,,,,scanned,review,lea_Kt2EgEMxvWHwSqKoL
risky,audrey@jengavisuals.co.ke,Audrey,Restetuta Tanya,,,,,Co-founder & Creative Producer,,,Jenga Visuals Ltd,jengavisuals.co.ke,Kenya,Kenya - production live-action,devine,aucun modèle observé (prenom@ choisi : petite structure),a verifier,C,"Accroche : PAA saison 4 (8 épisodes) et Visasi/Stinger pour Maisha Magic/Showmax, Rotterdam Lab 2026. Réserves : date de création inconnue (critère 5 ans non vérifié) ; nom de famille composé (adresse à confirmer) ; MX auto-hébergé ; 2e source https://africatimesnetwork.co.ke/from-self-doubt-to-global-stages-how-audrey-tanya-is-building-an-african-film-legacy/",,,,,,,,,,,,,,,,,,https://iffr.com/en/iffr-pro/talent-development/rotterdam-lab/rotterdam-lab-participants-2026,,,,2026-01 : sélectionnée au Rotterdam Lab 2026 (IFFR),,,,,,,,,scanned,review,lea_LgLAzW7XqwMzbxqRH
risky,kahenya@studiozubaa.com,Kahenya,Kangethe,,,,,Co-founder,,,Studio Zubaa,studiozubaa.com,Kenya,Kenya - animation/VFX,devine,aucun modele observe (prenom@ choisi : petite structure),a verifier,C,"Accroche : pitch de Sasa's Island (2D, 6-8 ans) sur la scene du MIFA 2026. Reserves : studio cree en 2023 (moins de 5 ans), petite structure ; contact public studiozubaa@gmail.com (hors domaine) ; MX Safaricom Business ; 2e source : https://www.linkedin.com/in/kahenya-kangethe-623b011b3/",,,,,,,,,,,,,,,,,,https://www.ecostylia.com/en/east-african-animation-annecy/,,,,juin 2026 : pitch de la serie 2D Sasa's Island au MIFA Annecy (Road to Annecy 2026),,,,,,,,,scanned,review,lea_M6AoSMR8gC2ZYvwiR
deliverable,richard@studiobo.io,Richard,Bolland,,,,,Co-founder & Studio Director,,,Studio Bo (ex-Studio Bolland),studiobo.io,South Africa,Afrique du Sud - animation/VFX,devine,aucun modèle observé (prenom@ choisi : petite structure ; RocketReach indique aussi first@studiobo.io),a verifier,C,"Studio de Muizenberg fondé en 2014 (~11 pers.), animation de marque et jeux depuis 2023 ; cité dans le livret Wesgro Animation SA. 2e source : https://www.linkedin.com/in/richardbolland/. MX Google Workspace (ancien domaine studiobolland.com aussi actif chez Google). Activité surtout explicatifs/brand : à recouper avec l'agent 05. Extraits non ouverts.",,,,,,,,,,,,,,,,,,https://filmcapetown.com/studio-bo-merging-animation-gaming-and-brand-stories/,,https://rocketreach.co/studio-bo-email-format_b6e90d4cc6c77779,,2025-02 : séminaire d'équipe annoncé pour lancer les productions 2025 (fiche findglocal 2026),,,,,,,,,scanned,review,lea_MmcvJkRAGrsyBYHha
undeliverable,richard.oboh@orangevfx.com,Richard,Oboh,,,,,Founder / CEO / Creative Director,,,Orange VFX Studios,orangevfx.com,Nigeria,Nigeria - animation/VFX,devine,aucun modèle observé (prenom.nom@ choisi : grande structure),a verifier,A,"Accroche : studio 3D/VFX fondé en 2010 (~30-40 créatifs, Orange Seed Academy), cité parmi les « big three » de l'animation à Lagos par l'article SAGE 2025 (2e source : https://journals.sagepub.com/doi/10.1177/17468477251324057, qui cite Oboh comme directeur créatif ; aussi zoominfo.com/p/Richard-Oboh/7441850937). Réserves : extraits de recherche, pages non ouvertes ; MX Hostinger (ni Google ni Microsoft) ; ZoomInfo affiche une adresse masquée r***@orangevfx.com, compatible avec richard@ ou richard.oboh@ ; variante richard@ à tester. orangevfx.io est un domaine parqué, ne pas l'utiliser.",,,,,,,,,,,,,,,,,,https://orangevfx.com/us/team/,,,info@orangevfx.com,Portfolio 2025 : habillage 3D « DStv Step Up 2025 » (mars 2025) ; Summer Camp 2025 (orangevfx.com/camp),,,,,,,,,scanned,review,lea_NPxWzYxWNMKXbCQQa
deliverable,kunle@goldeneffectspictures.com,Kunle,Afolayan,,,,,Managing Director & CEO,,,Golden Effects Pictures,goldeneffectspictures.com,Nigeria,Nigeria - production live-action,devine,aucun modèle observé (prenom@ choisi : petite structure),a verifier,B,"Accroche : retour en salles avec « Recall » (avril 2025) et série « Aníkúlápó: Rise of the Spectre » annoncée au slate Netflix 2026 (https://www.bellanaija.com/2026/01/netflix-africa-2026-movie-slate/). Rôle CEO confirmé par https://en.wikipedia.org/wiki/Kunle_Afolayan . MX Microsoft 365. Structure fondée en 2005, 11-50 pers. mais très centrée sur le fondateur : prenom@ choisi ; ZoomInfo affiche une adresse masquée k***@ (extrait non ouvert, non concluant) ; variante kunle.afolayan@.",,,,,,,,,,,,,,,,,,https://whatkeptmeup.com/nigerian-film-industry-articles/after-a-netflix-focused-era-kunle-afolayan-brings-recall-to-the-big-screen/,,,,2025-04 : sortie salles de Recall ; série Netflix Aníkúlápó: Rise of the Spectre au slate Netflix Afrique 2026,,,,,,,,,scanned,review,lea_NY8CWQxDAkYE8DRWE
undeliverable,jide.martin@thecomicrepublic.com,Jide,Martin,,,,,Founder & CEO,,,Comic Republic (CR Motion+),thecomicrepublic.com,Nigeria,Nigeria - animation/VFX,devine,aucun modèle observé (prenom.nom@ choisi : grande structure),a verifier,B,"Accroche : première co-production de Toei Animation avec un studio africain (CR Motion+, branche animation créée en 2024 de Comic Republic, fondé en 2013) (2e source : https://www.comicpanelworld.com/lagos-just-linked-up-with-tokyo-comic-republic-and-toei-animation-are-making-history-together/ ; aussi crunchbase.com/person/jide-martin). Réserves : extraits non ouverts ; Google Workspace ; le cœur de métier reste l'édition de BD, d'où la priorité B ; un agrégateur (aeroleads) annonce [first][last]@ (jidemartin@) comme format majoritaire, statistique non vérifiée et pas une adresse observée : variante à tester ; crmotionplus.com n'a pas de MX.",,,,,,,,,,,,,,,,,,https://www.thisdaylive.com/2025/11/15/comic-republic-japanese-agency-arc-and-beyond-team-up-for-animation-feature/,,,holla@thecomicrepublic.com,10 sept. 2026 : co-production annoncée entre Toei Animation et CR Motion+ (court métrage « The Storyteller: The Dawn of Legend »),,,,,,,,,scanned,review,lea_R2ph4W2HAfxcirT6K
deliverable,tamsin@diprente.co.za,Tamsin,Andersson,,,,,Co-founder & Producer,,,Diprente,diprente.co.za,South Africa,Afrique du Sud - fiction,devine,aucun modèle observé (prenom@ choisi : petite structure),a verifier,B,Accroche : production de « Sabbatical » de Karabo Lediga (2025) après Queen Sono et Classified. Réserves : 2e source https://www.actorspaces.co.za/diprente-presents-sabbatical-a-bold-bittersweet-drama-with-heart-and-humour/ ; Google Workspace ; RocketReach annonce un format prenom@ mais aucune adresse complète vue ; extraits non ouverts.,,,,,,,,,,,,,,,,,,https://www.news24.com/life/arts-and-entertainment/film/karabo-lediga-pays-tribute-to-her-larger-than-life-mom-in-heartfelt-new-film-sabbatical-20250507-0932,,,info@diprente.co.za,Long métrage « Sabbatical » sorti en mai 2025 (IFFR 2025),,,,,,,,,scanned,review,lea_T4Mt6CkXjErTwXn2k
undeliverable,mathew.nabwiso@nabwisofilms.com,Mathew,Nabwiso,,,,,Founder & Managing Director,,,Nabwiso Films,nabwisofilms.com,Uganda,Rwanda + Ouganda,devine,aucun modèle observé (prenom.nom@ choisi : grande structure),a verifier,A,"Accroche : séries #Family, Sanyu, Prickly Roses diffusées sur NTV, Pearl Magic et Showmax ; Mathew préside le National Producers Guild of Uganda (sinemafocus.com, 2025). 2e source : https://www.linkedin.com/in/mathew-nabwiso-206205130/ + https://www.sinemafocus.com/can-new-guilds-save-uganda-film-industry/. MX Zoho. ZoomInfo affiche m***@ masqué (format non lisible) ; ZoomInfo indique 11-50 salariés, d'où prenom.nom@ ; repli possible mathew@. Extraits non ouverts.",,,,,,,,,,,,,,,,,,https://en.wikipedia.org/wiki/Mathew_Nabwiso,,,info@nabwisofilms.com,2026 : membre du jury des International Emmys (profil LinkedIn) ; Eleanor Nabwiso interviewée par FAB L'Style le 02/07/2026,,,,,,,,,scanned,review,lea_TEsCbRSsCA3w3as2R
deliverable,patience.stevens@cardova.tv,Patience,Stevens,,,,,Owner & Managing Director,,,Cardova,cardova.tv,South Africa,Afrique du Sud - pub/documentaire/factual,devine,aucun modèle observé (prenom.nom@ choisi : grande structure),a verifier,B,"Accroche : relance de Top Billing sur S3 (30 avril 2026), en plus d'Afternoon Express et d'Expresso. Réserves : ZoomInfo masque les adresses (a***@, s***@…), donc modèle non déterminé ; serveur mail auto-hébergé (mail.cardova.tv) ; 2e source : https://iol.co.za/sunday-tribune/news/2026-04-21-top-billing-returns-a-fresh-chapter-with-new-and-familiar-faces/",,,,,,,,,,,,,,,,,,https://www.glamour.co.za/lifestyle/top-billing-announces-star-studded-presenter-line-up-for-highly-anticipated-comeback-season-16454309-9fd1-40ef-950e-a8a6c32db3ae,,,info@cardova.tv,avril 2026 : retour de Top Billing sur S3 (Stevens productrice exécutive),,,,,,,,,scanned,review,lea_aTjc4qqXwsGSvvtxF
deliverable,colette.otusheso@acceleratetv.com,Colette,Otusheso,,,,,CEO,,,Accelerate Media Group (AccelerateTV),acceleratetv.com,Nigeria,Nigeria - production live-action,devine,aucun modèle observé (prenom.nom@ choisi : grande structure),a verifier,B,"Accroche : séries originales Accelerate Studios (Visa on Arrival saison 3, The Olive) et Accelerate Filmmaker Project. 2e source : https://thenet.ng/the-creative-sectors-biggest-challenge-is-the-lack-of-learning-infrastructure-colette-otusheso/ . MX Google Workspace, ~41 employés, fondée en 2014. Réserve : production récente datée 2024 dans les extraits ; un agrégateur (RocketReach) indique first.last@ à 85 %, non observé directement. Head of Production cité : Esse Akwawa (une seule source, non retenu).",,,,,,,,,,,,,,,,,,https://www.brandinginasia.com/gerety-awards-introduces-the-moments-cut-and-reveals-the-2026-grand-jury/,,,info@acceleratetv.com,2026 : membre du grand jury Gerety Awards ; NECLive 2025,,,,,,,,,scanned,review,lea_dipH9aCAzAfe2AHN3
risky,afeafa.nfojoh@mg.com.gh,Afeafa,Nfojoh,,,,,General Manager,,,Adesa Productions Limited (Media General),mg.com.gh,Ghana,Ghana,devine,aucun modèle observé (prenom.nom@ choisi : grande structure),a verifier,A,"Accroche : Adesa produit la Ghana Premier League depuis 2025/26 (accord GFA juillet 2025) et des formats TV3 (Ghana's Most Beautiful, Mentor). 2e source : https://www.adesaproductionslimited.com/about/leadership + https://www.3music.tv/section/news/article/3music-tv-40-women-in-african-entertainment-2025-03-14 (2025). Réserves : ZoomInfo indique une adresse masquée ****@mg.com.gh (domaine du groupe Media General, Google Workspace) ; le site propre adesaproductionslimited.com a un MX (mail.nitmail.net), alternative afeafa.nfojoh@adesaproductionslimited.com ; un article 3news mentionne aussi une nomination comme GM de 3Group, à vérifier.",,,,,,,,,,,,,,,,,,https://www.graphic.com.gh/lifestyle/life/see-the-10-member-board-inaugurated-by-aag-to-organise-2026-gong-gong-awards.html,,,info@mg.com.gh,2025-07 : accord GFA–Adesa pour la production et la diffusion de la Ghana Premier League dès 2025/26,,,,,,,,,scanned,review,lea_dtRiNCZwoBahPJGnq
deliverable,tulanana@onastories.com,Tulanana,Bohela,,,,,Co-founder & Director,,,OnaStories Group,onastories.com,Tanzania,Tanzanie + Zimbabwe,devine,aucun modèle observé (prenom@ choisi : petite structure),a verifier,B,"Accroche : studio de narration immersive (AR/VR/360, IA) fondé en 2016, Tanzanie, clients ONU/UNCDF, UN-Habitat, Vodacom Foundation, CRDB Bank. Réserves : 2e source = https://en.wikipedia.org/wiki/Tulanana_Bohela (+ LinkedIn Director/Co-founder) ; extraits non ouverts ; MX Google Workspace ; ZoomInfo affiche des adresses masquées t***@, m***@, f***@ (compatibles prenom@ mais non probantes) ; hello@ vu dans un extrait de recherche ; structure plus tech/immersif que production audiovisuelle classique.",,,,,,,,,,,,,,,,,,https://www.thecitizen.co.tz/tanzania/news/national/creative-sector-calls-for-financial-legal-reforms-to-unlock-tanzania-s-creative-economy-5584196,,,hello@onastories.com,The Citizen (≈ sept. 2026) : T. Bohela (ONA Stories) intervient sur la fiscalité des créatifs tanzaniens,,,,,,,,,scanned,review,lea_eE4Kv9CiwYhMGzQ72
deliverable,naddya@nalostudios.com,Naddya,Oluoch-Olunya,,,,,Founder & CEO,,,Nalo Studios,nalostudios.com,Kenya,Kenya - animation/VFX,devine,aucun modele observe (prenom@ choisi : petite structure),a verifier,B,"Accroche : realisatrice primee a Annecy, studio prestataire de Walt Disney Animation, Netflix Animation et Nickelodeon, slate d'originaux en developpement. Reserves : aucune adresse observee sur le domaine ; MX Google Workspace ; 2e source : https://ke.linkedin.com/in/nalostudios ; structure portee par la fondatrice (taille inconnue).",,,,,,,,,,,,,,,,,,https://www.womeningames.org/a-warm-welcome-to-our-new-individual-ambassadors-of-2025/,,,,"2025 : ambassadrice Women in Games (Founder/CEO, Nalo Studios)",,,,,,,,,scanned,review,lea_ePpsChKpFLjP54ehw
undeliverable,charles@playnetworkstudios.com,Charles,Okpaleke,,,,,Founder & CEO (Play Network Africa),,,Play Network Studios,playnetworkstudios.com,Nigeria,Nigeria - production live-action,devine,aucun modèle observé (prenom@ choisi : petite structure),a verifier,C,"Accroche : remakes de classiques Nollywood (Glamour Girls, Diamond Ring) et succès Netflix Blood Vessel / Hijack '93. 2e source : https://en.wikipedia.org/wiki/Charles_Okpaleke . MX auto-hébergé (playnetworkstudios.com). Réserves : activité film 2025-2026 peu visible (la presse 2026 parle de Wi-Fi public) ; adresse kenneth@playnetwork.africa vue dans un extrait (format prenom@) mais ce domaine-groupe n'a aucun MX, donc modèle non retenu comme observé sur ce domaine.",,,,,,,,,,,,,,,,,,https://guardian.ng/technology/tech/charles-okpaleke-mediaking-to-roll-out-large-scale-public-wi-fi-across-nigerian-cities/,,,info@playnetworkstudios.com,"2026-04 : partenariat Play Network Africa / MediaKing (hors film) ; films Netflix Blood Vessel (2023), Hijack '93",,,,,,,,,scanned,review,lea_erFvNTvGMY7ngQH8z
undeliverable,mo.abudu@ebonylifemedia.com,Mo,Abudu,,,,,CEO,,,EbonyLife Media,ebonylifemedia.com,Nigeria,Nigeria - production live-action,devine,aucun modèle observé (prenom.nom@ choisi : grande structure),a verifier,A,"Accroche : première TIFF de « The Secret Lives of Baba Segi's Wives » (sept. 2026) et lancement d'EbonyLife ON Plus (nov. 2025). 2e source : https://deadline.com/2025/11/mo-abudus-african-digital-platform-ebonylife-on-plus-1236608524/ . MX Google Workspace. Structure 51-200 personnes. Réserve : un agrégateur (RocketReach, extrait non ouvert) annonce un format initiale+nom ({f}{last}@) non observé ; variante à tester mabudu@. EbonyLife refuse les propositions non sollicitées : accroche orientée service, pas pitch de contenu.",,,,,,,,,,,,,,,,,,https://variety.com/2026/film/global/ebonylife-mo-abudu-tiff-the-secret-lives-of-baba-segis-wives-1236851580/,,,enquiries@ebonylifemedia.com,2026-09 : première TIFF de The Secret Lives of Baba Segi's Wives (sortie salles 4 déc. 2026),,,,,,,,,scanned,review,lea_fA5CsYCuxdRkzHogw
undeliverable,philbert@imitana.com,Philbert Aimé,Mbabazi Sharangabo,,,,,Co-founder & Producer,,,Imitana Productions,imitana.com,Rwanda,Rwanda + Ouganda,devine,aucun modèle observé (prenom@ choisi : petite structure),a verifier,B,"Accroche : premier long métrage Minimals in a Titanic World (Berlinale Forum 2025, coproduction Chromosom Film / Zili Studios) ; Imitana gère aussi le cinéma Cine Mayaka. 2e source : https://en.wikipedia.org/wiki/Philbert_Aim%C3%A9_Mbabazi + https://www.berlinale.de/en/2025/programme/202511195.html. MX Strato (rzone.de, autre fournisseur). Seule adresse vue : smish60@gmail.com (contact générique hors domaine). Co-fondateur : Samuel Ishimwe.",,,,,,,,,,,,,,,,,,https://cinemaofcommoning.com/2026/06/03/bringing-a-historic-space-back-to-life-an-interview-with-cine-mayakas-philbert-aime-mbabazi-sharangabo/,,,,Minimals in a Titanic World (Berlinale Forum 2025) ; Kigali Cine Junction juillet 2026 (allAfrica 202607230287),,,,,,,,,scanned,review,lea_iLuqKYCNcyX6qRbMC
undeliverable,mandla@blackbrain.co.za,Mandla,Ngcongwane,,,,,Founder & Executive Creative Director,,,Black Brain Pictures,blackbrain.co.za,South Africa,Afrique du Sud - fiction,devine,aucun modèle observé (prenom@ choisi : petite structure),a verifier,B,"Accroche : Umthetho (Netflix, août 2026), adaptation de la série brésilienne Brotherhood, après Lockdown et DiepCity. Réserves : connu sous le nom « Mandla N » ; 2e source https://www.news24.com/truelove/celebrity/melissa-nayimuli-talks-co-producing-netflixs-umthetho-with-husband-mandla-n-20260721-0792 ; serveur mail auto-hébergé (mail.blackbrain.co.za, autre) ; environ 17 salariés selon un agrégateur ; extraits non ouverts.",,,,,,,,,,,,,,,,,,https://www.citizen.co.za/lifestyle/entertainment/tv/mandla-ns-black-brain-pictures-behind-upcoming-netflix-drama-umthetho/,,,info@blackbrain.co.za,Série Netflix « Umthetho » sortie le 14/08/2026 ; « Black Gold » sur BET Africa (août-déc. 2025),,,,,,,,,scanned,review,lea_n2Xg3PjjSuAz4FXij
risky,theresa@charterhouseghana.com,Theresa,Ayoade,,,,,Co-Founder & CEO,,,Charterhouse Productions,charterhouseghana.com,Ghana,Ghana,devine,prenom@ observé dans un extrait de recherche (justin@charterhouseghana.com),solide,B,"Accroche : 27e édition des Telecel Ghana Music Awards (mai 2026) et 15 ans de partenariat Telecel ; structure fondée en 2000, surtout événementiel + production audiovisuelle/TV. 2e source : https://yen.com.gh/entertainment/celebrities/284277-charterhouse-ceo-theresa-ayoade-enrols-harvard-business-school-elevate-leadership-skills/ (2025). Modèle prenom@ vu dans un extrait de recherche (page contact non ouverte), cohérent avec ZoomInfo masqué a***@ ; MX auto-hébergé (ms1.cyterrasolutions.com, fournisseur autre).",,,,,,,,,,,,,,,,,,https://www.citinewsroom.com/2026/05/telecel-marks-15-years-as-headline-sponsor-of-27th-tgma/,,https://charterhouseghana.com/contact-us/,info@charterhouseghana.com,"2026-05 : 27e Telecel Ghana Music Awards produits par Charterhouse (Citi Newsroom, mai 2026)",,,,,,,,,scanned,review,lea_o6s7BphLzgfogXHqX
risky,philip.karanja@philitproductions.tv,Philip,Karanja,,,,,Co-founder & CEO,,,Phil-It Productions,philitproductions.tv,Kenya,Kenya - production live-action,devine,aucun modèle observé (prenom.nom@ choisi : grande structure),a verifier,A,"Accroche : Makosa Ni Yangu (AMVCA 2025, première record à 6 000 spectateurs) et Untying Kantai (Showmax) ; maison fondée en 2012. Réserves : MX auto-hébergé (philitproductions.tv, probablement cPanel) ; seule adresse nominative vue = bobb@philitproductions.tv (titulaire inconnu, format indéterminable) ; philittv.com sans MX ; 2e source https://en.wikipedia.org/wiki/Philip_Karanja",,,,,,,,,,,,,,,,,,https://www.kbc.co.ke/abel-mutua-philip-karanja-win-at-the-2025-amvca/,,,,2025-05 : prix AMVCA 2025 pour Makosa Ni Yangu,,,,,,,,,scanned,review,lea_oZ47QNtxjMrCn4DdT
undeliverable,sanaa@sanaafilms.com,Sanaa,Mothabisa,,,,,Founder & Director,,,Sanaa Films,sanaafilms.com,South Africa,Afrique du Sud - pub/documentaire/factual,devine,aucun modèle observé (prenom@ choisi : petite structure),a verifier,C,Accroche : docu-série VW Forever Golf (en sélection aux Young Director Award) et spot Spotify avec Thandiswa Mazwai. Réserves : rôle de fondateur déduit du LinkedIn et de sanaafilms.com ; ancienneté de la structure inconnue (activité visible depuis 2022 environ) ; MX Google Workspace ; 2e source : https://www.bizcommunity.com/article/the-loeries-official-rankings-2025-joe-public-dominates-top-spots-951574a,,,,,,,,,,,,,,,,,,https://za.linkedin.com/in/sanaa-mothabisa-6b90121b4,,,,2025 : 9e réalisateur au classement officiel des Loeries ; campagne VW Forever Golf,,,,,,,,,scanned,review,lea_qyQdqikdsxREQN7RZ
deliverable,dianne@fancyhorsestudios.com,Dianne,Makings,,,,,Co-founder & Producer,,,Fancy Horse Studios,fancyhorsestudios.com,South Africa,Afrique du Sud - animation/VFX,devine,aucun modèle observé (prenom@ choisi : petite structure),a verifier,C,Accroche : première victoire sud-africaine au prix Lanzendorf PaleoArt (2025). Dianne Makings dirige aussi le Cape Town International Animation Festival (Animation SA) : bon relais réseau. 2e source : https://vertpaleo.org/past-award-winners-and-grant-recipients/. MX Google Workspace. Petit studio en télétravail (2 associés). Extraits non ouverts.,,,,,,,,,,,,,,,,,,https://www.dailymaverick.co.za/article/2025-11-18-sa-studio-wins-top-animation-prize-for-bringing-prehistoric-karoo-waterhole-to-life/,,,info@fancyhorsestudios.com,2025-11 : prix Lanzendorf PaleoArt (SVP / National Geographic) pour l'animation 3D du Karoo Origins Fossil Centre,,,,,,,,,scanned,review,lea_r3w7zt5hiCpnyhoDm
undeliverable,eleanor.nabwiso@nabwisofilms.com,Eleanor,Nabwiso,,,,,Co-founder & Creative Director,,,Nabwiso Films,nabwisofilms.com,Uganda,Rwanda + Ouganda,devine,aucun modèle observé (prenom.nom@ choisi : grande structure),a verifier,B,"Accroche : réalisatrice de Bed of Thorns (1er film ougandais à équipe 100 % féminine, 4 prix UFF 2019). 2e source : https://en.wikipedia.org/wiki/Eleanor_Nabwiso (co-fondatrice, directrice créative). Même domaine que Mathew (MX Zoho) ; e***@ masqué chez ZoomInfo. Extraits non ouverts.",,,,,,,,,,,,,,,,,,https://fablstyle.com/eleanor-nabwiso-african-cinema-uganda-film-industry/,,,info@nabwisofilms.com,"Interview FAB L'Style du 02/07/2026 sur la diffusion de Nabwiso Films (Showmax, AfroLandTV, DStv)",,,,,,,,,scanned,review,lea_scneqythd23kmBpqf
deliverable,cecil@redpepper.co.za,Cecil,Barry,,,,,Chief Executive Officer,,,Red Pepper Pictures,redpepper.co.za,South Africa,Afrique du Sud - pub/documentaire/factual,devine,prenom@ observé dans un extrait de recherche (lynn@redpepper.co.za),a verifier,A,"Accroche : Die Brug saison 2 (kykNET, mai 2025), format de télé-réalité produit par Red Pepper. Réserves : structure ancienne (1995, ~120 personnes, studios Linden) ; modèle lu dans un extrait (fiche Gauteng Film Commission non ouverte) ; ZoomInfo affiche c***@redpepper.co.za, cohérent avec cecil@ ; MX Google Workspace ; 2e source : fiche Gauteng Film Commission ; la date 2025 vient d'un crédit LinkedIn, pas d'un article.",,,,,,,,,,,,,,,,,,https://www.linkedin.com/in/cecil-barry-5a090817/,,https://gautengfilm.org.za/gauteng-film-commission-directory/listing/red-pepper-pictures/,,"mai 2025 : saison 2 de Die Brug (télé-réalité kykNET, nommée aux Emmy)",,,,,,,,,scanned,review,lea_sdt4KaPwoNDp9nNTt
undeliverable,chief@freehandmovement.com,Chief,Nyamweya,,,,,Co-founder & Director,,,Pungulu Pa Productions / Freehand Studios,freehandmovement.com,Kenya,Kenya - animation/VFX,devine,prenom@ observe dans un extrait de recherche,solide,B,"Accroche : realisateur d'Uli & Tata, a porte la serie a Annecy, intervention BBC 2026 sur l'IA en animation. Reserves : 'Chief' est le nom d'usage, le prenom legal peut differer (risque sur chief@) ; modele vu dans un extrait non ouvert ; MX Google ; 2e source : https://www.linkedin.com/in/chief-nyamweya-978926b7/ ; doublon de structure avec Sarah Mallia (son epouse), a sequencer.",,,,,,,,,,,,,,,,,,https://www.businessdailyafrica.com/bd/lifestyle/art/pungula-pa-s-quest-to-revive-identity-through-animation-4839710,,https://www.pungulupaproductions.com/news/kenya-amp-south-africa-join-forces-on-boy-boi-animation,studios@freehandmovement.com,2026 : interview BBC Focus on Africa sur l'IA et l'animation ; projets prepares pour Annecy/MIFA 2026,,,,,,,,,scanned,review,lea_vmheyuyRTWQW7ZbvF
deliverable,glenn@seamonster.co.za,Glenn,Gillis,,,,,Co-founder & CEO,,,Sea Monster Entertainment,seamonster.co.za,South Africa,Afrique du Sud - animation/VFX,devine,"aucun modèle observé (prenom@ choisi : format first@ indiqué par l'agrégateur RocketReach, aucune adresse nominative vue)",a verifier,B,"Studio cape-towien né de Clockwork Zoo (2011, ~35 pers.), animation 2D + 80 jeux à impact ; Gillis préside Games for Change Africa. 2e source : https://www.heavychef.com/blog/live-recipe-gamifying-growth-with-glenn-gillis. MX Google Workspace (seamonster.co.za ; le site actuel est seamonster.digital, aussi Google). Taille >10 mais l'agrégateur indique first@ : prenom@ retenu, extraits non ouverts.",,,,,,,,,,,,,,,,,,https://www.pocketgamer.biz/sea-monster-ceo-glenn-gillis-talks-15-years-of-growth-africas-games-industry-and-what-comes-next/,,https://rocketreach.co/sea-monster-entertainment-email-format_b5e07ad3f42e6864,hello@seamonster.co.za,2025-06 : live Q&A Heavy Chef « Gamifying Growth » (24/06/2025) ; interview PocketGamer.biz sur les 15 ans du studio,,,,,,,,,scanned,review,lea_yXmkoSrnHphGrRJM7
undeliverable,benon.mugumbya@swangzavenue.com,Benon,Mugumbya,,,,,Founder,,,Swangz Avenue,swangzavenue.com,Uganda,Rwanda + Ouganda,devine,aucun modèle observé (prenom.nom@ choisi : grande structure),a verifier,B,"Accroche : Swangz Avenue (fondée 2008) produit des pubs TV pour Airtel et MTN Uganda et des documentaires (swangzavenue.com/tv-commercials). 2e source : https://en.wikipedia.org/wiki/Benon_Mugumbya + https://www.galaxyfm.co.ug/2025/04/22/benon-mugumbya-reveals-steve-jean-came-up-with-the-name-swangz-avenue/. MX Google Workspace. RocketReach affirme prenom.nom@ majoritaire (statistique d'agrégateur, aucune adresse vue). Réserve : maison surtout musicale, le pôle film/pub est une activité parmi d'autres ; le co-fondateur Julius Kyazze dirige désormais Live54 Plus (2026).",,,,,,,,,,,,,,,,,,https://mbu.ug/2025/11/21/benon-mugumbya-opens-up-about-his-weight-loss-journey/,,,info@swangzavenue.com,"Presse 2025 (Galaxy FM avril 2025, MBU novembre 2025) citant Benon comme patron de Swangz Avenue",,,,,,,,,scanned,review,lea_zQgZzgksMg7HoQRQA