secteur,statutLemlist,lot,formatEmail,firstName,lastName,email,companyName,companyDomain,jobTitle,country,zone,statutEmail,confiance,personSourceUrl,emailSourceUrl,modeleSourceUrl,emailGenerique,fiabilite,dernierePreuveActivite,priorite,note
Animation / VFX / immersif,livrable,lot 2,prenom@,Naddya,Oluoch-Olunya,naddya@nalostudios.com,Nalo Studios,nalostudios.com,Founder & CEO,Kenya,Kenya - animation/VFX,devine,aucun modele observe (prenom@ choisi : petite structure),https://www.womeningames.org/a-warm-welcome-to-our-new-individual-ambassadors-of-2025/,,,,a verifier,"2025 : ambassadrice Women in Games (Founder/CEO, Nalo Studios)",B,"Accroche : realisatrice primee a Annecy, studio prestataire de Walt Disney Animation, Netflix Animation et Nickelodeon, slate d'originaux en developpement. Reserves : aucune adresse observee sur le domaine ; MX Google Workspace ; 2e source : https://ke.linkedin.com/in/nalostudios ; structure portee par la fondatrice (taille inconnue)."
Animation / VFX / immersif,livrable,lot 2,prenom@,Dianne,Makings,dianne@fancyhorsestudios.com,Fancy Horse Studios,fancyhorsestudios.com,Co-founder & Producer,South Africa,Afrique du Sud - animation/VFX,devine,aucun modèle observé (prenom@ choisi : petite structure),https://www.dailymaverick.co.za/article/2025-11-18-sa-studio-wins-top-animation-prize-for-bringing-prehistoric-karoo-waterhole-to-life/,,,info@fancyhorsestudios.com,a verifier,2025-11 : prix Lanzendorf PaleoArt (SVP / National Geographic) pour l'animation 3D du Karoo Origins Fossil Centre,C,Accroche : première victoire sud-africaine au prix Lanzendorf PaleoArt (2025). Dianne Makings dirige aussi le Cape Town International Animation Festival (Animation SA) : bon relais réseau. 2e source : https://vertpaleo.org/past-award-winners-and-grant-recipients/. MX Google Workspace. Petit studio en télétravail (2 associés). Extraits non ouverts.
Animation / VFX / immersif,livrable,lot 2,prenom@,Paul,Meyer,paul@luma.co.za,Luma Animation,luma.co.za,Co-founder & CEO,South Africa,Afrique du Sud - animation/VFX,devine,"aucun modèle observé (prenom@ choisi : ZoomInfo masque p***@luma.co.za, aucune adresse complète vue)",https://theanimationschool.co.za/blog/animation-companies-south-africa,,https://www.zoominfo.com/p/Paul-Meyer/574470329,info@luma.co.za,a verifier,2025-09 : VFX principal sur Kings of Jo'burg saison 3 (Netflix) ; 2025-12 : prix au Los Angeles Animation Festival pour « Every Dog has its Day »,B,"Studio de Johannesburg fondé en 2001 (~30 pers.), long métrage « Headspace » et SAFTA VFX 2024 pour Shaka iLembe. 2e source : https://za.linkedin.com/company/luma-animation (posts 2025, extrait). Les deux sources citant Meyer comme CEO ne sont pas clairement datées 2025 : à confirmer. MX Microsoft 365. Extraits non ouverts."
Animation / VFX / immersif,livrable,lot 2,prenom@,Glenn,Gillis,glenn@seamonster.co.za,Sea Monster Entertainment,seamonster.co.za,Co-founder & CEO,South Africa,Afrique du Sud - animation/VFX,devine,"aucun modèle observé (prenom@ choisi : format first@ indiqué par l'agrégateur RocketReach, aucune adresse nominative vue)",https://www.pocketgamer.biz/sea-monster-ceo-glenn-gillis-talks-15-years-of-growth-africas-games-industry-and-what-comes-next/,,https://rocketreach.co/sea-monster-entertainment-email-format_b5e07ad3f42e6864,hello@seamonster.co.za,a verifier,2025-06 : live Q&A Heavy Chef « Gamifying Growth » (24/06/2025) ; interview PocketGamer.biz sur les 15 ans du studio,B,"Studio cape-towien né de Clockwork Zoo (2011, ~35 pers.), animation 2D + 80 jeux à impact ; Gillis préside Games for Change Africa. 2e source : https://www.heavychef.com/blog/live-recipe-gamifying-growth-with-glenn-gillis. MX Google Workspace (seamonster.co.za ; le site actuel est seamonster.digital, aussi Google). Taille >10 mais l'agrégateur indique first@ : prenom@ retenu, extraits non ouverts."
Animation / VFX / immersif,livrable,lot 2,prenom@,Richard,Bolland,richard@studiobo.io,Studio Bo (ex-Studio Bolland),studiobo.io,Co-founder & Studio Director,South Africa,Afrique du Sud - animation/VFX,devine,aucun modèle observé (prenom@ choisi : petite structure ; RocketReach indique aussi first@studiobo.io),https://filmcapetown.com/studio-bo-merging-animation-gaming-and-brand-stories/,,https://rocketreach.co/studio-bo-email-format_b6e90d4cc6c77779,,a verifier,2025-02 : séminaire d'équipe annoncé pour lancer les productions 2025 (fiche findglocal 2026),C,"Studio de Muizenberg fondé en 2014 (~11 pers.), animation de marque et jeux depuis 2023 ; cité dans le livret Wesgro Animation SA. 2e source : https://www.linkedin.com/in/richardbolland/. MX Google Workspace (ancien domaine studiobolland.com aussi actif chez Google). Activité surtout explicatifs/brand : à recouper avec l'agent 05. Extraits non ouverts."
Animation / VFX / immersif,livrable,lot 1,prenom.nom@,Phil,Cunningham,phil.cunningham@sunriseproductions.tv,Sunrise Productions,sunriseproductions.tv,fondateur,South Africa,Afrique du Sud - animation/VFX,devine,aucun modèle observé,,,,,a verifier,,B,"Nom et poste issus uniquement d'un résumé de recherche (page non ouverte, réseau bloqué) ; domaine non vérifié."
Animation / VFX / immersif,livrable,lot 1,prenom.nom@,Jacqui,Cunningham,jacqui.cunningham@sunriseproductions.tv,Sunrise Productions,sunriseproductions.tv,fondateur,South Africa,Afrique du Sud - animation/VFX,devine,aucun modèle observé,,,,,a verifier,,B,"Nom et poste issus uniquement d'un résumé de recherche (page non ouverte, réseau bloqué) ; domaine non vérifié."
Animation / VFX / immersif,livrable,lot 1,prenom.nom@,Stuart,Forrest,stuart.forrest@triggerfish.com,Triggerfish Animation Studios,triggerfish.com,CEO,South Africa,Afrique du Sud - animation/VFX,devine,aucun modèle observé,,,,,a verifier,,B,"Nom et poste issus uniquement d'un résumé de recherche (page non ouverte, réseau bloqué) ; domaine non vérifié."
Animation / VFX / immersif,livrable,lot 2,prenom@,Tulanana,Bohela,tulanana@onastories.com,OnaStories Group,onastories.com,Co-founder & Director,Tanzania,Tanzanie + Zimbabwe,devine,aucun modèle observé (prenom@ choisi : petite structure),https://www.thecitizen.co.tz/tanzania/news/national/creative-sector-calls-for-financial-legal-reforms-to-unlock-tanzania-s-creative-economy-5584196,,,hello@onastories.com,a verifier,The Citizen (≈ sept. 2026) : T. Bohela (ONA Stories) intervient sur la fiscalité des créatifs tanzaniens,B,"Accroche : studio de narration immersive (AR/VR/360, IA) fondé en 2016, Tanzanie, clients ONU/UNCDF, UN-Habitat, Vodacom Foundation, CRDB Bank. Réserves : 2e source = https://en.wikipedia.org/wiki/Tulanana_Bohela (+ LinkedIn Director/Co-founder) ; extraits non ouverts ; MX Google Workspace ; ZoomInfo affiche des adresses masquées t***@, m***@, f***@ (compatibles prenom@ mais non probantes) ; hello@ vu dans un extrait de recherche ; structure plus tech/immersif que production audiovisuelle classique."
Animation / VFX / immersif,livrable,lot 1,prenom.nom@,Gwamaka,Mwabuka,gwamaka.mwabuka@tai.or.tz,Tai Studios / Tai Tanzania,tai.or.tz,co-fondateur/directeur,Tanzania,Tanzanie + Zimbabwe,devine,aucun modèle observé,,,,,a verifier,,C,"Nom et poste issus uniquement d'un résumé de recherche (page non ouverte, réseau bloqué) ; domaine non vérifié. Réserve : structure possiblement ONG."
Animation / VFX / immersif,risqué,lot 1 - variantes,initiale+nom@,Kelvin,Shani,kshani@sirnare.com,SirNare Animation Studios,sirnare.com,fondateur,Kenya,Kenya - animation/VFX,devine,aucun modèle observé ; variante initiale+nom@ (prenom.nom@ rejeté par Lemlist au lot 1),,,,,a verifier,,C,Relance de variante après échec de prenom.nom@ ; nom non vérifié sur une page ouverte.
Animation / VFX / immersif,risqué,lot 2,prenom@,Kahenya,Kangethe,kahenya@studiozubaa.com,Studio Zubaa,studiozubaa.com,Co-founder,Kenya,Kenya - animation/VFX,devine,aucun modele observe (prenom@ choisi : petite structure),https://www.ecostylia.com/en/east-african-animation-annecy/,,,,a verifier,juin 2026 : pitch de la serie 2D Sasa's Island au MIFA Annecy (Road to Annecy 2026),C,"Accroche : pitch de Sasa's Island (2D, 6-8 ans) sur la scene du MIFA 2026. Reserves : studio cree en 2023 (moins de 5 ans), petite structure ; contact public studiozubaa@gmail.com (hors domaine) ; MX Safaricom Business ; 2e source : https://www.linkedin.com/in/kahenya-kangethe-623b011b3/"
Animation / VFX / immersif,risqué,lot 1,prenom.nom@,Niyi,Akinmolayan,niyi.akinmolayan@anthillstudios.com,Anthill Studios,anthillstudios.com,fondateur,Nigeria,Nigeria - animation/VFX,devine,aucun modèle observé,,,,,a verifier,,C,"Nom et poste issus uniquement d'un résumé de recherche (page non ouverte, réseau bloqué) ; domaine non vérifié. Réserve : indépendance à confirmer (coproduction Disney Iwájú)."
Animation / VFX / immersif,risqué,lot 2,prenom@,Esther,Gbadamosi,esther@radioxityacademy.org,Radioxity Media,radioxityacademy.org,CEO / Creative Director,Nigeria,Nigeria - animation/VFX,devine,aucun modèle observé (prenom@ choisi : petite structure),https://www.thisdaylive.com/2026/04/22/yabatech-boosts-digital-skills-with-stop-motion-animation-visual-storytelling/,,,,a verifier,"Avril 2026 : keynote au symposium et atelier stop-motion de Yabatech, co-organisé avec la Radioxity Stop Motion Academy",C,"Accroche : pionnière du stop-motion au Nigeria (Berlinale Talents 2023, Mastercard Enablement Fellowship 2024), keynote Yabatech en avril 2026 (2e source : https://afrocritik.com/esther-kemi-gbadamosi-on-taking-nigerian-animated-films-to-berlinale-in-conversation-with-afrocritik/ ; aussi allafrica.com/stories/202604240521.html). Réserves : extraits non ouverts ; petit studio ; radioxitymedia.com (le site indiqué) n'existe pas en DNS, donc j'utilise le domaine de l'académie, MX auto-hébergé ; la seule adresse publiée est une Gmail personnelle (starkemmy@gmail.com, sur un annuaire), qui pourrait servir de repli."
Animation / VFX / immersif,risqué,lot 1,prenom.nom@,Raymond,Malinga,raymond.malinga@creatures.africa,Creatures Animation Studio,creatures.africa,CEO,Uganda,Rwanda + Ouganda,devine,aucun modèle observé,,,,,a verifier,,B,"Nom et poste issus uniquement d'un résumé de recherche (page non ouverte, réseau bloqué) ; domaine non vérifié."
"Fiction et production live-action (films, séries)",livrable,lot 1 - variantes,initiale+nom@,Grace,Kahaki,gkahaki@insigniaproductions.global,Insignia Productions,insigniaproductions.global,co-fondateur,Kenya,Kenya - production live-action,devine,aucun modèle observé ; variante initiale+nom@ (prenom.nom@ rejeté par Lemlist au lot 1),,,,,a verifier,,C,Relance de variante après échec de prenom.nom@ ; nom non vérifié sur une page ouverte.
"Fiction et production live-action (films, séries)",livrable,lot 1 - variantes,initiale+nom@,Philippe,Bresson,pbresson@insigniaproductions.global,Insignia Productions,insigniaproductions.global,co-fondateur,Kenya,Kenya - production live-action,devine,aucun modèle observé ; variante initiale+nom@ (prenom.nom@ rejeté par Lemlist au lot 1),,,,,a verifier,,C,Relance de variante après échec de prenom.nom@ ; nom non vérifié sur une page ouverte.
"Fiction et production live-action (films, séries)",livrable,lot 1 - variantes,initiale+nom@,Sam,Soko,ssoko@lbxafrica.com,LBx Africa,lbxafrica.com,co-fondateur,Kenya,Kenya - production live-action,devine,aucun modèle observé ; variante initiale+nom@ (prenom.nom@ rejeté par Lemlist au lot 1),,,,,a verifier,,C,Relance de variante après échec de prenom.nom@ ; nom non vérifié sur une page ouverte.
"Fiction et production live-action (films, séries)",livrable,lot 2,prenom.nom@,Colette,Otusheso,colette.otusheso@acceleratetv.com,Accelerate Media Group (AccelerateTV),acceleratetv.com,CEO,Nigeria,Nigeria - production live-action,devine,aucun modèle observé (prenom.nom@ choisi : grande structure),https://www.brandinginasia.com/gerety-awards-introduces-the-moments-cut-and-reveals-the-2026-grand-jury/,,,info@acceleratetv.com,a verifier,2026 : membre du grand jury Gerety Awards ; NECLive 2025,B,"Accroche : séries originales Accelerate Studios (Visa on Arrival saison 3, The Olive) et Accelerate Filmmaker Project. 2e source : https://thenet.ng/the-creative-sectors-biggest-challenge-is-the-lack-of-learning-infrastructure-colette-otusheso/ . MX Google Workspace, ~41 employés, fondée en 2014. Réserve : production récente datée 2024 dans les extraits ; un agrégateur (RocketReach) indique first.last@ à 85 %, non observé directement. Head of Production cité : Esse Akwawa (une seule source, non retenu)."
"Fiction et production live-action (films, séries)",livrable,lot 2,prenom@,Kunle,Afolayan,kunle@goldeneffectspictures.com,Golden Effects Pictures,goldeneffectspictures.com,Managing Director & CEO,Nigeria,Nigeria - production live-action,devine,aucun modèle observé (prenom@ choisi : petite structure),https://whatkeptmeup.com/nigerian-film-industry-articles/after-a-netflix-focused-era-kunle-afolayan-brings-recall-to-the-big-screen/,,,,a verifier,2025-04 : sortie salles de Recall ; série Netflix Aníkúlápó: Rise of the Spectre au slate Netflix Afrique 2026,B,"Accroche : retour en salles avec « Recall » (avril 2025) et série « Aníkúlápó: Rise of the Spectre » annoncée au slate Netflix 2026 (https://www.bellanaija.com/2026/01/netflix-africa-2026-movie-slate/). Rôle CEO confirmé par https://en.wikipedia.org/wiki/Kunle_Afolayan . MX Microsoft 365. Structure fondée en 2005, 11-50 pers. mais très centrée sur le fondateur : prenom@ choisi ; ZoomInfo affiche une adresse masquée k***@ (extrait non ouvert, non concluant) ; variante kunle.afolayan@."
"Fiction et production live-action (films, séries)",livrable,lot 2,prenom@,Kemi,Adetiba,kemi@kemiadetiba.com,Kemi Adetiba Visuals,kemiadetiba.com,Founder & Director,Nigeria,Nigeria - production live-action,devine,aucun modèle observé (prenom@ choisi : petite structure),https://en.wikipedia.org/wiki/To_Kill_a_Monkey,,,contact@kemiadetiba.com,a verifier,"2025-07 : série Netflix To Kill a Monkey ; 2026 : pré-production de son 5e film (The Stool, auditions nationales)",B,"Accroche : série Netflix « To Kill a Monkey » (juillet 2025), produite sous la bannière Kemi Adetiba Visuals, et auditions pour « The Stool ». 2e source : https://www.bellanaija.com/2025/06/kemi-adetiba-to-kill-a-monkey-trailer/ . MX Proofpoint (passerelle de filtrage, risque de rejet). Domaine au nom de la fondatrice, donné comme site de KAV dans les extraits. Petite structure (fondée 2015) : prenom@."
"Fiction et production live-action (films, séries)",livrable,lot 1 - variantes,prenom@,Thierry,Cassuto,thierry@both-worlds.com,Both Worlds,both-worlds.com,fondateur,South Africa,Afrique du Sud - fiction,devine,aucun modèle observé ; variante prenom@ (prenom.nom@ rejeté par Lemlist au lot 1),,,,,a verifier,,C,Relance de variante après échec de prenom.nom@ ; nom non vérifié sur une page ouverte.
"Fiction et production live-action (films, séries)",livrable,lot 2,prenom@,Kagiso,Lediga,kagiso@diprente.co.za,Diprente,diprente.co.za,"Co-founder, Writer/Director & Producer",South Africa,Afrique du Sud - fiction,devine,aucun modèle observé (prenom@ choisi : petite structure),https://variety.com/2025/film/global/joni-sighvatsson-david-lynch-netflix-the-global-ensemble-drama-diprente-media-1236298641/,,,info@diprente.co.za,a verifier,"Variety 2025 : « The Girl Who Saved the King of Sweden », tournage prévu en 2026",B,"Accroche : adaptation de Jonas Jonasson coproduite avec Joni Sighvatsson, tournage 2026. Réserves : 2e source https://www.actorspaces.co.za/diprente-presents-sabbatical-a-bold-bittersweet-drama-with-heart-and-humour/ (producteur de Sabbatical, 2025) ; même structure que Tamsin Andersson, à séquencer ; Google Workspace ; extraits non ouverts."
"Fiction et production live-action (films, séries)",livrable,lot 2,prenom@,Tamsin,Andersson,tamsin@diprente.co.za,Diprente,diprente.co.za,Co-founder & Producer,South Africa,Afrique du Sud - fiction,devine,aucun modèle observé (prenom@ choisi : petite structure),https://www.news24.com/life/arts-and-entertainment/film/karabo-lediga-pays-tribute-to-her-larger-than-life-mom-in-heartfelt-new-film-sabbatical-20250507-0932,,,info@diprente.co.za,a verifier,Long métrage « Sabbatical » sorti en mai 2025 (IFFR 2025),B,Accroche : production de « Sabbatical » de Karabo Lediga (2025) après Queen Sono et Classified. Réserves : 2e source https://www.actorspaces.co.za/diprente-presents-sabbatical-a-bold-bittersweet-drama-with-heart-and-humour/ ; Google Workspace ; RocketReach annonce un format prenom@ mais aucune adresse complète vue ; extraits non ouverts.
"Fiction et production live-action (films, séries)",risqué,lot 2,prenom@,Audrey,Restetuta Tanya,audrey@jengavisuals.co.ke,Jenga Visuals Ltd,jengavisuals.co.ke,Co-founder & Creative Producer,Kenya,Kenya - production live-action,devine,aucun modèle observé (prenom@ choisi : petite structure),https://iffr.com/en/iffr-pro/talent-development/rotterdam-lab/rotterdam-lab-participants-2026,,,,a verifier,2026-01 : sélectionnée au Rotterdam Lab 2026 (IFFR),C,"Accroche : PAA saison 4 (8 épisodes) et Visasi/Stinger pour Maisha Magic/Showmax, Rotterdam Lab 2026. Réserves : date de création inconnue (critère 5 ans non vérifié) ; nom de famille composé (adresse à confirmer) ; MX auto-hébergé ; 2e source https://africatimesnetwork.co.ke/from-self-doubt-to-global-stages-how-audrey-tanya-is-building-an-african-film-legacy/"
"Fiction et production live-action (films, séries)",risqué,lot 1,prenom.nom@,Oscar,Nyamu,oscar.nyamu@movingshotpictures.com,Moving Shot Pictures,movingshotpictures.com,co-fondateur & MD,Kenya,Kenya - production live-action,devine,aucun modèle observé,,,,,a verifier,,B,"Nom et poste issus uniquement d'un résumé de recherche (page non ouverte, réseau bloqué) ; domaine non vérifié."
"Fiction et production live-action (films, séries)",risqué,lot 2,prenom.nom@,Abel,Mutua,abel.mutua@philitproductions.tv,Phil-It Productions,philitproductions.tv,Co-founder & Creative Director,Kenya,Kenya - production live-action,devine,aucun modèle observé (prenom.nom@ choisi : grande structure),https://www.pulse.co.ke/story/abel-mutua-phil-directors-films-shine-at-continental-awards-2025051415202140923,,,,a verifier,2025-05 : films primés aux AMVCA 2025,B,"Accroche : scénariste de Makosa Ni Yangu et Untying Kantai, primés aux AMVCA 2025. Réserves : 2e contact de la même structure (à séquencer après Philip Karanja) ; MX auto-hébergé ; bobb@ vu, format non déductible ; 2e source https://en.wikipedia.org/wiki/Abel_Mutua"
"Fiction et production live-action (films, séries)",risqué,lot 2,prenom.nom@,Philip,Karanja,philip.karanja@philitproductions.tv,Phil-It Productions,philitproductions.tv,Co-founder & CEO,Kenya,Kenya - production live-action,devine,aucun modèle observé (prenom.nom@ choisi : grande structure),https://www.kbc.co.ke/abel-mutua-philip-karanja-win-at-the-2025-amvca/,,,,a verifier,2025-05 : prix AMVCA 2025 pour Makosa Ni Yangu,A,"Accroche : Makosa Ni Yangu (AMVCA 2025, première record à 6 000 spectateurs) et Untying Kantai (Showmax) ; maison fondée en 2012. Réserves : MX auto-hébergé (philitproductions.tv, probablement cPanel) ; seule adresse nominative vue = bobb@philitproductions.tv (titulaire inconnu, format indéterminable) ; philittv.com sans MX ; 2e source https://en.wikipedia.org/wiki/Philip_Karanja"
"Fiction et production live-action (films, séries)",risqué,lot 1 - variantes,prenom@,Zulumoke,Oyibo,zulumoke@inkblotproductions.com,Inkblot Productions,inkblotproductions.com,cofondateur,Nigeria,Nigeria - production live-action,devine,aucun modèle observé ; variante prenom@ (prenom.nom@ rejeté par Lemlist au lot 1),,,,,a verifier,,C,Relance de variante après échec de prenom.nom@ ; nom non vérifié sur une page ouverte.
"Fiction et production live-action (films, séries)",risqué,lot 1 - variantes,prenom@,Naz,Onuzo,naz@inkblotproductions.com,Inkblot Productions,inkblotproductions.com,cofondateur,Nigeria,Nigeria - production live-action,devine,aucun modèle observé ; variante prenom@ (prenom.nom@ rejeté par Lemlist au lot 1),,,,,a verifier,,C,Relance de variante après échec de prenom.nom@ ; nom non vérifié sur une page ouverte.
"Fiction et production live-action (films, séries)",risqué,lot 1,prenom.nom@,Derin,Adeyokunnu,derin.adeyokunnu@nemsiastudios.com,Nemsia Studios,nemsiastudios.com,cofondateur,Nigeria,Nigeria - production live-action,devine,aucun modèle observé,,,,,a verifier,,B,"Nom et poste issus uniquement d'un résumé de recherche (page non ouverte, réseau bloqué) ; domaine non vérifié."
"Fiction et production live-action (films, séries)",risqué,lot 1,prenom.nom@,BB,Sasore,bb.sasore@nemsiastudios.com,Nemsia Studios,nemsiastudios.com,cofondateur,Nigeria,Nigeria - production live-action,devine,aucun modèle observé,,,,,a verifier,,B,"Nom et poste issus uniquement d'un résumé de recherche (page non ouverte, réseau bloqué) ; domaine non vérifié."
"Fiction et production live-action (films, séries)",risqué,lot 2,prenom@,Femi,Odugbemi,femi@zuri24media.com,Zuri24 Media,zuri24media.com,Founder & Executive Producer,Nigeria,Nigeria - production live-action,devine,aucun modèle observé (prenom@ choisi : petite structure),https://marketingedge.com.ng/meet-marketing-edge-2026-national-marketing-stakehokders-summit-panellist-femi-odugbemi/,,,info@zuri24media.com,a verifier,2026 : panéliste Marketing Edge Summit ; lancement du hub BLACKBox (Lekki) qui héberge Zuri24,B,"Accroche : séries Battleground, Brethren, Covenant, Movement: Japa et lancement du hub de production BLACKBox à Lekki (https://thelagosreview.ng/blackbox-femi-odugbemi-launches-creative-hub-for-storytelling-content-innovation/). 2e source rôle : https://en.wikipedia.org/wiki/Femi_Odugbemi . MX auto-hébergé (zuri24media.com), ni Google ni Microsoft. Fait aussi de la pub/TVC et du documentaire. Réserve : dernière production datée non trouvée dans les extraits."
"Fiction et production live-action (films, séries)",risqué,lot 2,prenom.nom@,Harriet,Gavshon,harriet.gavshon@quizzical.co.za,Quizzical Pictures,quizzical.co.za,Founder & Creative Director / Executive Producer,South Africa,Afrique du Sud - fiction,devine,aucun modèle observé (prenom.nom@ choisi : grande structure),https://www.news24.com/drum/inspiration/from-soul-city-to-reyka-harriet-gavshon-on-empowering-women-making-tv-and-changing-the-game-20260827-0606,,,quizzical@quizzical.co.za,a verifier,Profil News24/Drum du 27/08/2026 ; prix Best Production Company 2025 aux NFTA ; tournage de « Murder by the Sea » annoncé,A,"Accroche : Reyka puis la cosy crime « Murder by the Sea » (écrite par Darrel Bristow-Bovey) et « Love & Wine » pour Netflix. Réserves : 2e source https://www.bizcommunity.com/Profile/HarrietGavshon (non datée) ; Wikipedia la dit managing director ; mail via Mimecast (passerelle, fournisseur final inconnu) ; un extrait ZoomInfo masqué (h******@quizzical.co.za, 7 caractères) laisse penser à harriet@, à tester en priorité ; extraits non ouverts."
"Publicité, documentaire et TV factuelle",livrable,lot 2,prenom@,Cedric,Karemangingo,cedric@dric.rw,Dric Ent,dric.rw,Founder & Creative Director,Rwanda,Rwanda + Ouganda,devine,aucun modèle observé (prenom@ choisi : petite structure),https://www.newtimes.co.rw/article/183591/Entertainment/cedric-karemangingoas-journey-to-video-directing,,,,a verifier,"Site dric.rw : clients MTN, RwandAir, SKOL revendiqués en 2025",C,"Accroche : agence de production pub/clips/documentaires fondée en 2017 (clients MTN, RwandAir, SKOL). 2e source : https://www.zoominfo.com/p/Cedric-Karemangingo/17664782294 (fiche indiquant le poste en 2026) ; l'article New Times est ancien. MX Zoho. ZoomInfo affiche ****@dric.rw masqué ; contact public vu : cedrick.dric@gmail.com (hors domaine). Réserve : structure jeune, orientée clips musicaux."
"Publicité, documentaire et TV factuelle",livrable,lot 2,prenom.nom@,Patience,Stevens,patience.stevens@cardova.tv,Cardova,cardova.tv,Owner & Managing Director,South Africa,Afrique du Sud - pub/documentaire/factual,devine,aucun modèle observé (prenom.nom@ choisi : grande structure),https://www.glamour.co.za/lifestyle/top-billing-announces-star-studded-presenter-line-up-for-highly-anticipated-comeback-season-16454309-9fd1-40ef-950e-a8a6c32db3ae,,,info@cardova.tv,a verifier,avril 2026 : retour de Top Billing sur S3 (Stevens productrice exécutive),B,"Accroche : relance de Top Billing sur S3 (30 avril 2026), en plus d'Afternoon Express et d'Expresso. Réserves : ZoomInfo masque les adresses (a***@, s***@…), donc modèle non déterminé ; serveur mail auto-hébergé (mail.cardova.tv) ; 2e source : https://iol.co.za/sunday-tribune/news/2026-04-21-top-billing-returns-a-fresh-chapter-with-new-and-familiar-faces/"
"Publicité, documentaire et TV factuelle",livrable,lot 2,prenom@,Cecil,Barry,cecil@redpepper.co.za,Red Pepper Pictures,redpepper.co.za,Chief Executive Officer,South Africa,Afrique du Sud - pub/documentaire/factual,devine,prenom@ observé dans un extrait de recherche (lynn@redpepper.co.za),https://www.linkedin.com/in/cecil-barry-5a090817/,,https://gautengfilm.org.za/gauteng-film-commission-directory/listing/red-pepper-pictures/,,a verifier,"mai 2025 : saison 2 de Die Brug (télé-réalité kykNET, nommée aux Emmy)",A,"Accroche : Die Brug saison 2 (kykNET, mai 2025), format de télé-réalité produit par Red Pepper. Réserves : structure ancienne (1995, ~120 personnes, studios Linden) ; modèle lu dans un extrait (fiche Gauteng Film Commission non ouverte) ; ZoomInfo affiche c***@redpepper.co.za, cohérent avec cecil@ ; MX Google Workspace ; 2e source : fiche Gauteng Film Commission ; la date 2025 vient d'un crédit LinkedIn, pas d'un article."
"Publicité, documentaire et TV factuelle",risqué,lot 2,prenom.nom@,Afeafa,Nfojoh,afeafa.nfojoh@mg.com.gh,Adesa Productions Limited (Media General),mg.com.gh,General Manager,Ghana,Ghana,devine,aucun modèle observé (prenom.nom@ choisi : grande structure),https://www.graphic.com.gh/lifestyle/life/see-the-10-member-board-inaugurated-by-aag-to-organise-2026-gong-gong-awards.html,,,info@mg.com.gh,a verifier,2025-07 : accord GFA–Adesa pour la production et la diffusion de la Ghana Premier League dès 2025/26,A,"Accroche : Adesa produit la Ghana Premier League depuis 2025/26 (accord GFA juillet 2025) et des formats TV3 (Ghana's Most Beautiful, Mentor). 2e source : https://www.adesaproductionslimited.com/about/leadership + https://www.3music.tv/section/news/article/3music-tv-40-women-in-african-entertainment-2025-03-14 (2025). Réserves : ZoomInfo indique une adresse masquée ****@mg.com.gh (domaine du groupe Media General, Google Workspace) ; le site propre adesaproductionslimited.com a un MX (mail.nitmail.net), alternative afeafa.nfojoh@adesaproductionslimited.com ; un article 3news mentionne aussi une nomination comme GM de 3Group, à vérifier."
"Festivals, événementiel et médias interactifs",risqué,lot 2,prenom@,Juliet,Asante,juliet@bsiff.org,Black Star International Film Festival (Juliet Asante / Eagle Productions),bsiff.org,Founder & Executive Director,Ghana,Ghana,devine,aucun modèle observé (prenom@ choisi : petite structure),https://deadline.com/2025/09/black-star-film-festival-ghana-ivory-coast-majestic-cinemas-1236566036/,,,info@bsiff.org,a verifier,2025-09 : accord BSIFF–Majestic Cinemas pour distribuer des films ghanéens en Afrique de l'Ouest francophone (Deadline) ; 11e édition sept. 2026 à Kumasi,C,"Accroche : accord de distribution BSIFF–Majestic Cinemas (Côte d'Ivoire) avec doublage anglais/français, pont naturel avec une offre francophone. 2e source : https://en.wikipedia.org/wiki/Juliet_Asante (fondatrice BSIFF et CEO d'Eagle Productions, fondée 1999). Réserves : festival et non maison de production ; Eagle Productions n'a aucun domaine trouvé ; MX bsiff.org auto-hébergé (fournisseur autre)."
"Festivals, événementiel et médias interactifs",risqué,lot 2,prenom@,Theresa,Ayoade,theresa@charterhouseghana.com,Charterhouse Productions,charterhouseghana.com,Co-Founder & CEO,Ghana,Ghana,devine,prenom@ observé dans un extrait de recherche (justin@charterhouseghana.com),https://www.citinewsroom.com/2026/05/telecel-marks-15-years-as-headline-sponsor-of-27th-tgma/,,https://charterhouseghana.com/contact-us/,info@charterhouseghana.com,solide,"2026-05 : 27e Telecel Ghana Music Awards produits par Charterhouse (Citi Newsroom, mai 2026)",B,"Accroche : 27e édition des Telecel Ghana Music Awards (mai 2026) et 15 ans de partenariat Telecel ; structure fondée en 2000, surtout événementiel + production audiovisuelle/TV. 2e source : https://yen.com.gh/entertainment/celebrities/284277-charterhouse-ceo-theresa-ayoade-enrols-harvard-business-school-elevate-leadership-skills/ (2025). Modèle prenom@ vu dans un extrait de recherche (page contact non ouverte), cohérent avec ZoomInfo masqué a***@ ; MX auto-hébergé (ms1.cyterrasolutions.com, fournisseur autre)."
"Festivals, événementiel et médias interactifs",risqué,lot 1 - variantes,initiale+nom@,Eyram,Tawia,etawia@letiarts.com,Leti Arts,letiarts.com,CEO/cofondateur,Ghana,Ghana,devine,aucun modèle observé ; variante initiale+nom@ (prenom.nom@ rejeté par Lemlist au lot 1),,,,,a verifier,,C,Relance de variante après échec de prenom.nom@ ; nom non vérifié sur une page ouverte.
