agent,companyName,companyDomain,personne,motif,url,doublon
01,Basement Animation,basementanimation.com,"Johnson Mbuotidem (CEO, d'après résultat de recherche non ouvert)","page inaccessible : accès bloqué par le proxy réseau de l'environnement (EGRESS_BLOCKED / CONNECT 403), site et source nominative non ouverts ; candidat repéré uniquement via moteur de recherche",https://basementanimation.com,
01,Anthill Studios,anthillstudios.com,"Niyi Akinmolayan (fondateur, d'après résultat de recherche non ouvert)","page inaccessible : accès bloqué par le proxy réseau de l'environnement (EGRESS_BLOCKED / CONNECT 403), site et source nominative non ouverts ; candidat repéré uniquement via moteur de recherche ; à vérifier aussi : co-production Iwájú avec Disney, statut indépendant à confirmer",https://www.anthillstudios.com,
01,Magic Carpet Studios,,"Ferdinand Ladi Adimefe (fondateur/CEO, d'après résultat de recherche non ouvert)","page inaccessible : www.magiccarpetstudios.com ne résout pas (ENOTFOUND), domaine réel inconnu ; sources tierces bloquées par le proxy",https://www.magiccarpetstudios.com,
01,Taeps Animation Studios,taepsanimation.com,"Adeoyin Okuboyejo / Ayobami Bello (cofondateurs, d'après résultat de recherche non ouvert)","page inaccessible : accès bloqué par le proxy réseau de l'environnement (EGRESS_BLOCKED / CONNECT 403), site et source nominative non ouverts ; candidat repéré uniquement via moteur de recherche ; domaine supposé non confirmé",https://taepsanimation.com,
01,Smid Animation Studio,smidanimation.com,"Damilola Solesi (fondatrice/CEO, d'après résultat de recherche non ouvert)","page inaccessible : accès bloqué par le proxy réseau de l'environnement (EGRESS_BLOCKED / CONNECT 403), site et source nominative non ouverts ; candidat repéré uniquement via moteur de recherche ; domaine supposé non confirmé",https://businessday.ng/life-arts/article/smid-animation-15-years-of-crafting-africas-narrative/,
01,VXanimation,vxanimation.com,"Somto Ajuluchukwu (fondateur, d'après résultat de recherche non ouvert)","page inaccessible : accès bloqué par le proxy réseau de l'environnement (EGRESS_BLOCKED / CONNECT 403), site et source nominative non ouverts ; candidat repéré uniquement via moteur de recherche ; domaine supposé non confirmé",https://vxanimation.com,
01,Kugali Media,kugali.com,,"page inaccessible : accès bloqué par le proxy réseau de l'environnement (EGRESS_BLOCKED / CONNECT 403), site et source nominative non ouverts ; candidat repéré uniquement via moteur de recherche ; co-producteur Iwájú, structure Nigeria/Ouganda à qualifier",https://kugali.com,
01,House of Ajebo Animation Studios,,"Erem Emeka Nehemiah dit Ajebo (fondateur, d'après résultat de recherche non ouvert)","page inaccessible : accès bloqué par le proxy réseau de l'environnement (EGRESS_BLOCKED / CONNECT 403), site et source nominative non ouverts ; candidat repéré uniquement via moteur de recherche ; domaine inconnu",https://en.wikipedia.org/wiki/Ajebo,
01,Jolly Squid Media (ex-Shrinkfish),,"Ebele Okoye (fondatrice, d'après résultat de recherche non ouvert)","page inaccessible : accès bloqué par le proxy réseau de l'environnement (EGRESS_BLOCKED / CONNECT 403), site et source nominative non ouverts ; candidat repéré uniquement via moteur de recherche ; domaine inconnu",https://en.wikipedia.org/wiki/Ebele_Okoye,
01,Komotion Studios,komotionstudios.com,,"page inaccessible : accès bloqué par le proxy réseau de l'environnement (EGRESS_BLOCKED / CONNECT 403), site et source nominative non ouverts ; candidat repéré uniquement via moteur de recherche",https://komotionstudios.com,
01,Spoof Animation,spoofanimation.com,,"page inaccessible : accès bloqué par le proxy réseau de l'environnement (EGRESS_BLOCKED / CONNECT 403), site et source nominative non ouverts ; candidat repéré uniquement via moteur de recherche",https://spoofanimation.com,
02,Inkblot Productions,inkblotproductions.com,"Naz Onuzo / Zulumoke Oyibo (cofondateurs, non vérifié)","page inaccessible : WebFetch et curl refusés par le proxy réseau de l'environnement (EGRESS_BLOCKED) ; site et personne non vérifiés, piste issue d'un résultat WebSearch seulement",https://inkblotproductions.com,
02,COTS Productions,,"Ope Ajayi (fondateur-CEO, non vérifié)","page inaccessible : WebFetch et curl refusés par le proxy réseau de l'environnement (EGRESS_BLOCKED) ; site et personne non vérifiés, piste issue d'un résultat WebSearch seulement ; domaine inconnu",https://en.wikipedia.org/wiki/COTS_Productions,
02,Nouvelle Films,nouvellefilms.com,"Yusuf Afolayan (CEO) / Femi Dapson (fondateur), non vérifiés","page inaccessible : WebFetch et curl refusés par le proxy réseau de l'environnement (EGRESS_BLOCKED) ; site et personne non vérifiés, piste issue d'un résultat WebSearch seulement",https://nouvellefilms.com,
02,Nemsia Studios,nemsiastudios.com,"Derin Adeyokunnu / BB Sasore (cofondateurs, non vérifiés)","page inaccessible : WebFetch et curl refusés par le proxy réseau de l'environnement (EGRESS_BLOCKED) ; site et personne non vérifiés, piste issue d'un résultat WebSearch seulement",https://www.nemsiastudios.com,
02,Anakle Films,anaklefilms.com,,"page inaccessible : WebFetch et curl refusés par le proxy réseau de l'environnement (EGRESS_BLOCKED) ; site et personne non vérifiés, piste issue d'un résultat WebSearch seulement",https://www.anaklefilms.com,
02,Giant Creative Media,,"Chinenye Nworah (fondateur, non vérifié)","page inaccessible : WebFetch et curl refusés par le proxy réseau de l'environnement (EGRESS_BLOCKED) ; site et personne non vérifiés, piste issue d'un résultat WebSearch seulement ; domaine inconnu",https://www.nifsummit.com/made-in-nigeria-guide/about-nigerian-producers-and-directors,
02,FilmOne Entertainment,filmoneentertainment.com,,"page inaccessible : WebFetch et curl refusés par le proxy réseau de l'environnement (EGRESS_BLOCKED) ; site et personne non vérifiés, piste issue d'un résultat WebSearch seulement ; à contrôler aussi : distributeur/exploitant, peut-être hors profil production indépendante",https://filmoneentertainment.com,
03,Triggerfish Animation Studios,triggerfish.com,"Stuart Forrest (CEO, d'après résultats de recherche) ; Emma Kaye (co-fondatrice)","page inaccessible : site et sources bloqués par le proxy réseau de la session (403 egress), nom vu seulement dans un résumé de recherche web, non vérifié ; activité 2025 signalée (studio UK ouvert en sept. 2025)",https://www.animationmagazine.net/2025/09/south-africa-born-triggerfish-expands-award-winning-animation-production-to-the-u-k/,
03,Sunrise Productions,sunriseproductions.tv,"Phil Cunningham / Jacqui Cunningham (fondateurs, d'après résumé de recherche)","page inaccessible : site et sources bloqués par le proxy réseau de la session (403 egress), nom vu seulement dans un résumé de recherche web, non vérifié",https://sunriseproductions.tv/,
03,Chocolate Tribe,chocolatetribe.com,"Nosipho Maketo-van den Bragt (Managing Director, d'après résumé de recherche)","page inaccessible : site et sources bloqués par le proxy réseau de la session (403 egress), nom vu seulement dans un résumé de recherche web, non vérifié",https://ididthat.co/ididthat-directory/animation-special-effects-companies-south-africa/,
03,Mind's Eye Creative,,,"page inaccessible : site et sources bloqués par le proxy réseau de la session (403 egress), nom vu seulement dans un résumé de recherche web, non vérifié ; domaine non identifié",,
03,Cabblow Studios,,"Kabelo Maaka (Creative Director & co-fondateur, d'après résumé de recherche)","page inaccessible : site et sources bloqués par le proxy réseau de la session (403 egress), nom vu seulement dans un résumé de recherche web, non vérifié ; domaine non identifié",https://www.awn.com/animationworld/cabblow-studios-talks-crimson-rorisang-and-all-things-female,
03,Studio Djembe,,"Connor Rhoda (fondateur, d'après résumé de recherche)","page inaccessible : site et sources bloqués par le proxy réseau de la session (403 egress), nom vu seulement dans un résumé de recherche web, non vérifié ; domaine non identifié",https://theanimationschool.co.za/blog/animation-companies-south-africa,
03,Polycat Animation,,,"page inaccessible : site et sources bloqués par le proxy réseau de la session (403 egress), nom vu seulement dans un résumé de recherche web, non vérifié ; domaine non identifié",https://theanimationschool.co.za/blog/animation-companies-south-africa,
03,Lucan Studio,,,"page inaccessible : site et sources bloqués par le proxy réseau de la session (403 egress), nom vu seulement dans un résumé de recherche web, non vérifié ; domaine non identifié",https://theanimationschool.co.za/blog/animation-companies-south-africa,
03,House Down Studios,,"Ziyaad Jina (Creative Director, d'après résumé de recherche)","page inaccessible : site et sources bloqués par le proxy réseau de la session (403 egress), nom vu seulement dans un résumé de recherche web, non vérifié ; domaine non identifié",https://ididthat.co/ididthat-directory/animation-special-effects-companies-south-africa/,
03,Skydance Animation Cape Town,,,hors périmètre : filiale d'un grand groupe international (Skydance),https://20th-century-animation.fandom.com/wiki/Skydance_Animation_Cape_Town,
03,Preymaker (studio Cape Town),,Julie Brown (head of operations) ; Byron Tofas (creative lead),hors périmètre : structure étrangère (Preymaker) avec antenne au Cap ; et page inaccessible,https://lbbonline.com/news/preymaker-opens-new-studio-in-cape-town-south-africa,
04,Gambit Films,gambitfma.co.za,,"page inaccessible : domaine bloqué par le proxy d'egress de la session (WebFetch EGRESS_BLOCKED / curl 403 CONNECT), site non ouvert donc règles 4.1/4.2 non satisfaites ; candidat pertinent repéré par WebSearch seulement (Blood & Water, Unseen, Blood Legacy pour Netflix)",https://gambitfma.co.za/about-us/,
04,Both Worlds,both-worlds.com,"Thierry Cassuto (fondateur, non vérifié)","page inaccessible : domaine bloqué par le proxy d'egress de la session (WebFetch EGRESS_BLOCKED / curl 403 CONNECT), site non ouvert donc règles 4.1/4.2 non satisfaites ; candidat pertinent repéré par WebSearch seulement (microdrama sélectionné ABFF 2026)",https://www.both-worlds.com/,
04,Tshedza Pictures,tshedzapictures.com,"Phathutshedzo Makwarela / Gwydion Beynon (co-fondateurs, non vérifiés)","page inaccessible : tshedzapictures.com ne résout pas (ENOTFOUND) ; domaine officiel non identifié, pages tierces bloquées par l'egress",https://tshedzapictures.com,
04,Known Associates Entertainment,knownassociates.co.za,"Moroba Nkawe (producteur, non vérifié)","page inaccessible : domaine bloqué par le proxy d'egress de la session (WebFetch EGRESS_BLOCKED / curl 403 CONNECT), site non ouvert donc règles 4.1/4.2 non satisfaites ; candidat pertinent repéré par WebSearch seulement (Class of '96: Rise of a Nation, e.tv, janv. 2026)",https://variety.com/2024/tv/global/known-associates-launches-unscripted-division-1235927032/,
04,Stained Glass TV,stainedglass.tv,"Gugu Zuma-Ncube (productrice exécutive, non vérifiée)","page inaccessible : domaine bloqué par le proxy d'egress de la session (WebFetch EGRESS_BLOCKED / curl 403 CONNECT), site non ouvert donc règles 4.1/4.2 non satisfaites ; candidat pertinent repéré par WebSearch seulement (The Polygamist, Netflix, 12/06/2026 ; Uzalo)",https://stainedglass.tv/,
04,Yellowbone Entertainment,,"Layla Swart (fondatrice, non vérifiée)","page inaccessible : domaine bloqué par le proxy d'egress de la session (WebFetch EGRESS_BLOCKED / curl 403 CONNECT), site non ouvert donc règles 4.1/4.2 non satisfaites ; candidat pertinent repéré par WebSearch seulement (Blood Psalms) ; domaine officiel non identifié",https://durbanfilmmart.co.za/layla-swart/,
04,Motion Story,,,"page inaccessible : domaine bloqué par le proxy d'egress de la session (WebFetch EGRESS_BLOCKED / curl 403 CONNECT), site non ouvert donc règles 4.1/4.2 non satisfaites ; candidat pertinent repéré par WebSearch seulement (In Your Dreams, Amazon) ; domaine officiel non identifié",https://en.wikipedia.org/wiki/In_Your_Dreams_(2023_TV_series),
04,Stage 5 Films,stage5films.com,,page inaccessible : curl 403 CONNECT (egress bloqué),https://stage5films.com,
04,Bomb Productions,bomb.co.za,,page inaccessible : bomb.co.za ne résout pas (ENOTFOUND) depuis la session,https://www.bomb.co.za/,
05,Egg Films,eggfilms.tv,,"page inaccessible : domaine bloque par le proxy reseau de l'environnement (EGRESS_BLOCKED / CONNECT 403), site non verifie, aucune personne relevee",https://eggfilms.tv/,
05,Velvet Films,velvetfilms.co.za,,"page inaccessible : domaine bloque par le proxy reseau de l'environnement (EGRESS_BLOCKED / CONNECT 403), site non verifie, aucune personne relevee",https://velvetfilms.co.za/,
05,Rapid Blue,rapidblue.co.za,,"page inaccessible : domaine bloque par le proxy reseau de l'environnement (EGRESS_BLOCKED / CONNECT 403), site non verifie, aucune personne relevee",https://www.rapidblue.co.za,
05,Plexus Films,plexusfilms.co.za,,"page inaccessible : domaine bloque par le proxy reseau de l'environnement (EGRESS_BLOCKED / CONNECT 403), site non verifie, aucune personne relevee",https://www.plexusfilms.co.za (DNS ENOTFOUND sur www),
05,Fireworx Media,fireworxmedia.co.za,,"page inaccessible : domaine bloque par le proxy reseau de l'environnement (EGRESS_BLOCKED / CONNECT 403), site non verifie, aucune personne relevee",https://www.fireworxmedia.co.za,
05,Aquavision,aquavision.co.za,,"page inaccessible : domaine bloque par le proxy reseau de l'environnement (EGRESS_BLOCKED / CONNECT 403), site non verifie, aucune personne relevee",https://aquavision.co.za/,
05,Clive Morris Productions,clivemorris.co.za,,"page inaccessible : domaine bloque par le proxy reseau de l'environnement (EGRESS_BLOCKED / CONNECT 403), site non verifie, aucune personne relevee",https://clivemorris.co.za/,
05,Storyscope,storyscope.co.za,,"page inaccessible : domaine bloque par le proxy reseau de l'environnement (EGRESS_BLOCKED / CONNECT 403), site non verifie, aucune personne relevee",https://www.storyscope.co.za,
05,Gatekeeper Productions,gatekeeper.co.za,,"page inaccessible : domaine bloque par le proxy reseau de l'environnement (EGRESS_BLOCKED / CONNECT 403), site non verifie, aucune personne relevee",https://gatekeeper.co.za/,
05,Patriot Films,patriotfilms.co.za,,"page inaccessible : domaine bloque par le proxy reseau de l'environnement (EGRESS_BLOCKED / CONNECT 403), site non verifie, aucune personne relevee",https://patriotfilms.co.za/,
05,Arcade Content,arcadecontent.co.za,,"page inaccessible : domaine bloque par le proxy reseau de l'environnement (EGRESS_BLOCKED / CONNECT 403), site non verifie, aucune personne relevee",https://arcadecontent.co.za/,
05,Urban Brew Studios,urbanbrew.co.za,,"page inaccessible : domaine bloque par le proxy reseau de l'environnement (EGRESS_BLOCKED / CONNECT 403), site non verifie, aucune personne relevee",https://urbanbrew.co.za/,
06,SirNare Animation Studios,sirnare.com,"Kelvin Shani (fondateur, vu seulement dans un extrait de recherche)","page inaccessible : proxy réseau de l'environnement bloque toute lecture web (WebFetch EGRESS_BLOCKED, curl CONNECT 403) le 2026-10-06 ; site non ouvert, personne non vérifiable - à retraiter",https://www.africandigitalart.com/sirnare-kenyan-animation-studio/,
06,Kukua (Super Sema),kukua.cc,,"page inaccessible : proxy réseau de l'environnement bloque toute lecture web (WebFetch EGRESS_BLOCKED, curl CONNECT 403) le 2026-10-06 ; site non ouvert, personne non vérifiable - à retraiter ; vérifier aussi siège (Londres/Nairobi) et taille",https://kukua.cc/,
06,Ikweta Arts,ikwetaarts.com,"Yvonne (cofondatrice, nom complet non vu)","page inaccessible : proxy réseau de l'environnement bloque toute lecture web (WebFetch EGRESS_BLOCKED, curl CONNECT 403) le 2026-10-06 ; site non ouvert, personne non vérifiable - à retraiter ; domaine supposé, non confirmé",https://ikwetaarts.com/,
06,Gachoki Studios,gachoki.com,,"page inaccessible : proxy réseau de l'environnement bloque toute lecture web (WebFetch EGRESS_BLOCKED, curl CONNECT 403) le 2026-10-06 ; site non ouvert, personne non vérifiable - à retraiter",https://gachoki.com/visual-effects/,
06,Nairoreel Productions,nairoreelproductions.com,,"page inaccessible : proxy réseau de l'environnement bloque toute lecture web (WebFetch EGRESS_BLOCKED, curl CONNECT 403) le 2026-10-06 ; site non ouvert, personne non vérifiable - à retraiter",https://nairoreelproductions.com/,
06,Studio M&A,,"Mary Wanjiku (cofondatrice, vue seulement dans un extrait de recherche)","page inaccessible : proxy réseau de l'environnement bloque toute lecture web (WebFetch EGRESS_BLOCKED, curl CONNECT 403) le 2026-10-06 ; site non ouvert, personne non vérifiable - à retraiter ; domaine non identifié",https://menterprise.africa/she-left-tv-to-build-an-animation-dream/,
06,Blankspace Animation Studio,,,"page inaccessible : proxy réseau de l'environnement bloque toute lecture web (WebFetch EGRESS_BLOCKED, curl CONNECT 403) le 2026-10-06 ; site non ouvert, personne non vérifiable - à retraiter ; domaine non identifié",https://ke.linkedin.com/company/blankspace-studio,
06,JR Animation (Boy Boi),jranimation.studio,,"page inaccessible : proxy réseau de l'environnement bloque toute lecture web (WebFetch EGRESS_BLOCKED, curl CONNECT 403) le 2026-10-06 ; site non ouvert, personne non vérifiable - à retraiter",https://www.jranimation.studio/boyboi,
06,Homeboyz Animation,,,"page inaccessible : proxy réseau de l'environnement bloque toute lecture web (WebFetch EGRESS_BLOCKED, curl CONNECT 403) le 2026-10-06 ; site non ouvert, personne non vérifiable - à retraiter ; studio créé en 2009 pour Tinga Tinga Tales, activité animation actuelle incertaine",https://www.cartoonbrew.com/tv/tinga-tinga-tales-produced-by-kenyas-homeboyz-20085.html,
07,Moving Shot Pictures,movingshotpictures.com,"Oscar Nyamu (co-fondateur & MD, selon resultat de recherche uniquement)","page inaccessible : domaine bloque par le proxy de sortie de l'environnement (WebFetch EGRESS_BLOCKED), site non ouvert, personne non verifiee sur source primaire - candidat a reprendre",https://movingshotpictures.com/,
07,Insignia Productions,insigniaproductions.global,"Grace Kahaki / Philippe Bresson (co-fondateurs, selon resultat de recherche uniquement)","page inaccessible : domaine bloque par le proxy de sortie de l'environnement (WebFetch EGRESS_BLOCKED), site non ouvert, personne non verifiee sur source primaire - candidat a reprendre",https://insigniaproductions.global/,
07,LBx Africa,lbxafrica.com,"Sam Soko (co-fondateur, selon resultat de recherche uniquement)","page inaccessible : domaine bloque par le proxy de sortie de l'environnement (WebFetch EGRESS_BLOCKED), site non ouvert, personne non verifiee sur source primaire - candidat a reprendre",https://lbxafrica.com/,
07,Ginger Ink Films Africa,,"Guy/Ginger Wilson (fondateur, nom incertain dans le resultat de recherche)","page inaccessible : domaine bloque par le proxy de sortie de l'environnement (WebFetch EGRESS_BLOCKED), site non ouvert, personne non verifiee sur source primaire - candidat a reprendre ; domaine non identifie",https://ke.linkedin.com/company/ginger-ink-films-africa,
07,Zebra Productions Kenya,,"Njoki Muhoho (fondatrice, selon resultat de recherche uniquement)","page inaccessible : domaine bloque par le proxy de sortie de l'environnement (WebFetch EGRESS_BLOCKED), site non ouvert, personne non verifiee sur source primaire - candidat a reprendre ; domaine non identifie",https://en.wikipedia.org/wiki/Njoki_Muhoho,
07,Content House Kenya,,,"page inaccessible : domaine bloque par le proxy de sortie de l'environnement (WebFetch EGRESS_BLOCKED), site non ouvert, personne non verifiee sur source primaire - candidat a reprendre ; domaine et dirigeant non identifies",https://en.wikipedia.org/wiki/Content_House_Kenya,
07,AR Film Productions,,"Daudi Anguka (createur de Mizani, selon resultat de recherche uniquement)","page inaccessible : domaine bloque par le proxy de sortie de l'environnement (WebFetch EGRESS_BLOCKED), site non ouvert, personne non verifiee sur source primaire - candidat a reprendre ; domaine non identifie ; serie diffusee sur Showmax (verifier independance)",https://www.sinemafocus.com/kenyan-films-and-tv-shows-releasing-in-2026-so-far/,
08,AnimaxFYB Studios,animaxfybstudios.com,"Francis Y. Brown (CEO/fondateur, d'après résultat de recherche)","page inaccessible : ouverture du site et des sources bloquée par le proxy réseau de l'environnement (EGRESS_BLOCKED / DNS), structure et personne non vérifiables - piste issue d'un résultat de recherche uniquement, à reprendre ; hello@ cité dans un résumé de recherche, non vu sur la page",https://www.animaxfybstudios.com/contact,
08,Sparrow Productions,sparrowstation.com,"Shirley Frimpong-Manso (fondatrice/CEO, d'après résultat de recherche)","page inaccessible : ouverture du site et des sources bloquée par le proxy réseau de l'environnement (EGRESS_BLOCKED / DNS), structure et personne non vérifiables - piste issue d'un résultat de recherche uniquement, à reprendre ; domaine propre de Sparrow Productions non identifié",https://www.sparrowstation.com,
08,Farmhouse Productions,,"Ivan Quashigah (fondateur/CEO, d'après résultat de recherche)","page inaccessible : ouverture du site et des sources bloquée par le proxy réseau de l'environnement (EGRESS_BLOCKED / DNS), structure et personne non vérifiables - piste issue d'un résultat de recherche uniquement, à reprendre ; domaine non identifié",https://en.wikipedia.org/wiki/Ivan_Quashigah,
08,Leti Arts,letiarts.com,"Eyram Tawia (CEO/cofondateur, d'après résultat de recherche)","page inaccessible : ouverture du site et des sources bloquée par le proxy réseau de l'environnement (EGRESS_BLOCKED / DNS), structure et personne non vérifiables - piste issue d'un résultat de recherche uniquement, à reprendre ; périmètre limite (jeux vidéo/BD, animation seulement en projet)",https://letiarts.com,
08,Anakem Films Production,,"Anaba Kodjo (fondateur, d'après résultat de recherche)","page inaccessible : ouverture du site et des sources bloquée par le proxy réseau de l'environnement (EGRESS_BLOCKED / DNS), structure et personne non vérifiables - piste issue d'un résultat de recherche uniquement, à reprendre ; domaine non identifié",https://filmfreeway.com/AnakemFilmsProduction,
08,A.K.A Entertainment,,"Yemoh Ike (cofondateur, d'après résultat de recherche)","page inaccessible : ouverture du site et des sources bloquée par le proxy réseau de l'environnement (EGRESS_BLOCKED / DNS), structure et personne non vérifiables - piste issue d'un résultat de recherche uniquement, à reprendre ; domaine non identifié",https://en.wikipedia.org/wiki/Yemoh_Ike,
09,Creatures Animation Studio,creatures.africa,Raymond Malinga (CEO selon résultats de recherche),"page inaccessible : le proxy réseau de l'environnement bloque l'accès au domaine (EGRESS_BLOCKED) ; site et personne non vérifiés, piste issue d'un simple résultat de recherche",https://creatures.africa,
09,Zacu Entertainment,zacuentertainment.com,Misago Nelly Wilson (CEO selon résultats de recherche),"domaine introuvable (DNS ENOTFOUND sur www.zacuentertainment.com) ; site non vérifié, à rechercher sous un autre domaine",https://www.zacuentertainment.com,
09,Savannah MOON Productions,savannahmoonfilms.com,Nana Kagga (fondatrice selon résultats de recherche),domaine introuvable (DNS ENOTFOUND sur www.savannahmoonfilms.com) ; site possiblement mort,http://www.savannahmoonfilms.com/,
09,Rwanda Fixers,rwandafixer.com,,"page inaccessible : le proxy réseau de l'environnement bloque l'accès au domaine (EGRESS_BLOCKED) ; site et personne non vérifiés, piste issue d'un simple résultat de recherche ; profil fixer/services de production, à requalifier",https://rwandafixer.com/,
09,Fun Factory Uganda,,Hannington Bugingo (MD selon résultats de recherche),"site officiel non identifié et non ouvert ; page inaccessible : le proxy réseau de l'environnement bloque l'accès au domaine (EGRESS_BLOCKED) ; site et personne non vérifiés, piste issue d'un simple résultat de recherche",,
09,Wakaliwood / Ramon Film Productions,,Isaac Godfrey Geoffrey Nabwana (fondateur selon résultats de recherche),"site officiel non identifié et non ouvert ; page inaccessible : le proxy réseau de l'environnement bloque l'accès au domaine (EGRESS_BLOCKED) ; site et personne non vérifiés, piste issue d'un simple résultat de recherche",,
09,O Studios Entertainment,,Usama Mukwaya (CEO selon résultats de recherche),"site officiel non identifié et non ouvert ; page inaccessible : le proxy réseau de l'environnement bloque l'accès au domaine (EGRESS_BLOCKED) ; site et personne non vérifiés, piste issue d'un simple résultat de recherche",,
09,IZACU,,Mutiganda wa Nkunda (cofondateur selon résultats de recherche),"site officiel non identifié et non ouvert ; page inaccessible : le proxy réseau de l'environnement bloque l'accès au domaine (EGRESS_BLOCKED) ; site et personne non vérifiés, piste issue d'un simple résultat de recherche",,
09,Looking for Livingstone Ltd,,,"site officiel non identifié et non ouvert ; page inaccessible : le proxy réseau de l'environnement bloque l'accès au domaine (EGRESS_BLOCKED) ; site et personne non vérifiés, piste issue d'un simple résultat de recherche",,
09,Inzu Films,,Jean Luc Mitana (fondateur selon résultats de recherche),"site officiel non identifié et non ouvert ; page inaccessible : le proxy réseau de l'environnement bloque l'accès au domaine (EGRESS_BLOCKED) ; site et personne non vérifiés, piste issue d'un simple résultat de recherche",,
10,Kijiweni Productions,kijiweniproductions.com,"Amil Shivji (fondateur, selon resultats de recherche)","page inaccessible : domaine bloque par le proxy de sortie (EGRESS_BLOCKED) - site non ouvert, personne non verifiable ; piste a reprendre",https://www.kijiweniproductions.com/team-2,
10,Tai Studios / Tai Tanzania,tai.or.tz,"Gwamaka Mwabuka (co-fondateur/directeur, selon extrait de recherche)","page inaccessible : domaine bloque par le proxy de sortie (EGRESS_BLOCKED) - site non ouvert, personne non verifiable ; piste a reprendre ; structure d'animation a vocation sociale (ONG ?), statut a verifier",https://www.tai.or.tz/,
10,Tai Studios,taistudios.co.tz,,"page inaccessible : domaine bloque par le proxy de sortie (EGRESS_BLOCKED) - site non ouvert, personne non verifiable ; piste a reprendre",https://www.taistudios.co.tz/,
10,Ubongo,ubongo.org,,"page inaccessible : domaine bloque par le proxy de sortie (EGRESS_BLOCKED) - site non ouvert, personne non verifiable ; piste a reprendre ; ONG edtech/animation, perimetre a verifier",https://www.ubongo.org/about,
10,Alkemist Media,,"Seko Shamte (fondatrice, selon resultats de recherche)",site officiel non identifie ; aucune trace d'activite 2025-2026 trouvee dans les resultats de recherche ; sources Wikipedia/LinkedIn bloquees,https://www.linkedin.com/in/seko-shamte-14a6491b2/,
10,Abantu Visions,,"Beatrix Mugishagwe (fondatrice/CEO, selon resultats de recherche)",site officiel non identifie ; page Wikipedia bloquee par le proxy,https://en.wikipedia.org/wiki/Beatrix_Mugishagwe,
10,Pilipili Entertainment,,"Nilesh Bhatt (CEO, selon resultats de recherche)",site officiel non identifie ; page Wikipedia bloquee par le proxy,https://en.wikipedia.org/wiki/Nilesh_Bhatt,
10,Invision Studios,invisionworld.com,"Charles Mugaviri Jr. / Blessing Chinanga / Denise Edwards (co-fondateurs, selon resultats de recherche)","page inaccessible : domaine bloque par le proxy de sortie (EGRESS_BLOCKED) - site non ouvert, personne non verifiable ; piste a reprendre ; invisionstudios.co.zw ne resout pas (DNS) ; email generique vu en extrait : invisionstudios@outlook.com (non verifie)",https://www.invisionworld.com/contact,
10,CMedia Africa,cmedia.co.zw,,"page inaccessible : domaine bloque par le proxy de sortie (EGRESS_BLOCKED) - site non ouvert, personne non verifiable ; piste a reprendre",https://www.cmedia.co.zw/,
10,PressPlay Studios,,,"site officiel non identifie ; seule fiche annuaire trouvee (thedirectory.co.zw), non ouverte",https://thedirectory.co.zw/branch.cfm?companyid=6706&branchid=8274,
