firstName,lastName,email,companyName,companyDomain,jobTitle,country,zone,statutEmail,confiance,personSourceUrl,emailSourceUrl,modeleSourceUrl,emailGenerique,fiabilite,dernierePreuveActivite,priorite,note,resultatLemlist,mx
Johnson,Mbuotidem,johnson.mbuotidem@basementanimation.com,Basement Animation,basementanimation.com,CEO,Nigeria,Nigeria - animation/VFX,devine,aucun modèle observé,,,,,a verifier,,B,"Nom et poste issus uniquement d'un résumé de recherche (page non ouverte, réseau bloqué) ; domaine non vérifié.",inexploitable,autre:mx.zoho.com.
Niyi,Akinmolayan,niyi.akinmolayan@anthillstudios.com,Anthill Studios,anthillstudios.com,fondateur,Nigeria,Nigeria - animation/VFX,devine,aucun modèle observé,,,,,a verifier,,C,"Nom et poste issus uniquement d'un résumé de recherche (page non ouverte, réseau bloqué) ; domaine non vérifié. Réserve : indépendance à confirmer (coproduction Disney Iwájú).",risque,Microsoft
Adeoyin,Okuboyejo,adeoyin.okuboyejo@taepsanimation.com,Taeps Animation Studios,taepsanimation.com,cofondateur,Nigeria,Nigeria - animation/VFX,devine,aucun modèle observé,,,,,a verifier,,B,"Nom et poste issus uniquement d'un résumé de recherche (page non ouverte, réseau bloqué) ; domaine non vérifié.",inexploitable,Google
Ayobami,Bello,ayobami.bello@taepsanimation.com,Taeps Animation Studios,taepsanimation.com,cofondateur,Nigeria,Nigeria - animation/VFX,devine,aucun modèle observé,,,,,a verifier,,B,"Nom et poste issus uniquement d'un résumé de recherche (page non ouverte, réseau bloqué) ; domaine non vérifié.",inexploitable,Google
Damilola,Solesi,damilola.solesi@smidanimation.com,Smid Animation Studio,smidanimation.com,fondatrice/CEO,Nigeria,Nigeria - animation/VFX,devine,aucun modèle observé,,,,,a verifier,,B,"Nom et poste issus uniquement d'un résumé de recherche (page non ouverte, réseau bloqué) ; domaine non vérifié.",inexploitable,domaine inexistant
Somto,Ajuluchukwu,somto.ajuluchukwu@vxanimation.com,VXanimation,vxanimation.com,fondateur,Nigeria,Nigeria - animation/VFX,devine,aucun modèle observé,,,,,a verifier,,B,"Nom et poste issus uniquement d'un résumé de recherche (page non ouverte, réseau bloqué) ; domaine non vérifié.",inexploitable,Google
Naz,Onuzo,naz.onuzo@inkblotproductions.com,Inkblot Productions,inkblotproductions.com,cofondateur,Nigeria,Nigeria - production live-action,devine,aucun modèle observé,,,,,a verifier,,B,"Nom et poste issus uniquement d'un résumé de recherche (page non ouverte, réseau bloqué) ; domaine non vérifié.",inexploitable,Google
Zulumoke,Oyibo,zulumoke.oyibo@inkblotproductions.com,Inkblot Productions,inkblotproductions.com,cofondateur,Nigeria,Nigeria - production live-action,devine,aucun modèle observé,,,,,a verifier,,B,"Nom et poste issus uniquement d'un résumé de recherche (page non ouverte, réseau bloqué) ; domaine non vérifié.",inexploitable,Google
Yusuf,Afolayan,yusuf.afolayan@nouvellefilms.com,Nouvelle Films,nouvellefilms.com,CEO,Nigeria,Nigeria - production live-action,devine,aucun modèle observé,,,,,a verifier,,B,"Nom et poste issus uniquement d'un résumé de recherche (page non ouverte, réseau bloqué) ; domaine non vérifié.",inexploitable,aucun MX
Femi,Dapson,femi.dapson@nouvellefilms.com,Nouvelle Films,nouvellefilms.com,fondateur,Nigeria,Nigeria - production live-action,devine,aucun modèle observé,,,,,a verifier,,B,"Nom et poste issus uniquement d'un résumé de recherche (page non ouverte, réseau bloqué) ; domaine non vérifié.",inexploitable,aucun MX
Derin,Adeyokunnu,derin.adeyokunnu@nemsiastudios.com,Nemsia Studios,nemsiastudios.com,cofondateur,Nigeria,Nigeria - production live-action,devine,aucun modèle observé,,,,,a verifier,,B,"Nom et poste issus uniquement d'un résumé de recherche (page non ouverte, réseau bloqué) ; domaine non vérifié.",risque,Google
BB,Sasore,bb.sasore@nemsiastudios.com,Nemsia Studios,nemsiastudios.com,cofondateur,Nigeria,Nigeria - production live-action,devine,aucun modèle observé,,,,,a verifier,,B,"Nom et poste issus uniquement d'un résumé de recherche (page non ouverte, réseau bloqué) ; domaine non vérifié.",risque,Google
Stuart,Forrest,stuart.forrest@triggerfish.com,Triggerfish Animation Studios,triggerfish.com,CEO,South Africa,Afrique du Sud - animation/VFX,devine,aucun modèle observé,,,,,a verifier,,B,"Nom et poste issus uniquement d'un résumé de recherche (page non ouverte, réseau bloqué) ; domaine non vérifié.",livrable,Google
Emma,Kaye,emma.kaye@triggerfish.com,Triggerfish Animation Studios,triggerfish.com,co-fondatrice,South Africa,Afrique du Sud - animation/VFX,devine,aucun modèle observé,,,,,a verifier,,B,"Nom et poste issus uniquement d'un résumé de recherche (page non ouverte, réseau bloqué) ; domaine non vérifié.",inexploitable,Google
Phil,Cunningham,phil.cunningham@sunriseproductions.tv,Sunrise Productions,sunriseproductions.tv,fondateur,South Africa,Afrique du Sud - animation/VFX,devine,aucun modèle observé,,,,,a verifier,,B,"Nom et poste issus uniquement d'un résumé de recherche (page non ouverte, réseau bloqué) ; domaine non vérifié.",livrable,Google
Jacqui,Cunningham,jacqui.cunningham@sunriseproductions.tv,Sunrise Productions,sunriseproductions.tv,fondateur,South Africa,Afrique du Sud - animation/VFX,devine,aucun modèle observé,,,,,a verifier,,B,"Nom et poste issus uniquement d'un résumé de recherche (page non ouverte, réseau bloqué) ; domaine non vérifié.",livrable,Google
Nosipho,Maketo-van den Bragt,nosipho.maketo-vandenbragt@chocolatetribe.com,Chocolate Tribe,chocolatetribe.com,Managing Director,South Africa,Afrique du Sud - animation/VFX,devine,aucun modèle observé,,,,,a verifier,,B,"Nom et poste issus uniquement d'un résumé de recherche (page non ouverte, réseau bloqué) ; domaine non vérifié.",inexploitable,autre:mailstore1.secureserver.net.
Thierry,Cassuto,thierry.cassuto@both-worlds.com,Both Worlds,both-worlds.com,fondateur,South Africa,Afrique du Sud - fiction,devine,aucun modèle observé,,,,,a verifier,,B,"Nom et poste issus uniquement d'un résumé de recherche (page non ouverte, réseau bloqué) ; domaine non vérifié.",inexploitable,Google
Moroba,Nkawe,moroba.nkawe@knownassociates.co.za,Known Associates Entertainment,knownassociates.co.za,producteur,South Africa,Afrique du Sud - fiction,devine,aucun modèle observé,,,,,a verifier,,C,"Nom et poste issus uniquement d'un résumé de recherche (page non ouverte, réseau bloqué) ; domaine non vérifié. Réserve : domaine supposé, non confirmé par la recherche.",inexploitable,Microsoft
Gugu,Zuma-Ncube,gugu.zuma-ncube@stainedglass.tv,Stained Glass TV,stainedglass.tv,productrice exécutive,South Africa,Afrique du Sud - fiction,devine,aucun modèle observé,,,,,a verifier,,B,"Nom et poste issus uniquement d'un résumé de recherche (page non ouverte, réseau bloqué) ; domaine non vérifié.",inexploitable,Microsoft
Kelvin,Shani,kelvin.shani@sirnare.com,SirNare Animation Studios,sirnare.com,fondateur,Kenya,Kenya - animation/VFX,devine,aucun modèle observé,,,,,a verifier,,B,"Nom et poste issus uniquement d'un résumé de recherche (page non ouverte, réseau bloqué) ; domaine non vérifié.",inexploitable,autre:route1.mx.cloudflare.net.
Oscar,Nyamu,oscar.nyamu@movingshotpictures.com,Moving Shot Pictures,movingshotpictures.com,co-fondateur & MD,Kenya,Kenya - production live-action,devine,aucun modèle observé,,,,,a verifier,,B,"Nom et poste issus uniquement d'un résumé de recherche (page non ouverte, réseau bloqué) ; domaine non vérifié.",risque,autre:mailserver.purelymail.com.
Grace,Kahaki,grace.kahaki@insigniaproductions.global,Insignia Productions,insigniaproductions.global,co-fondateur,Kenya,Kenya - production live-action,devine,aucun modèle observé,,,,,a verifier,,B,"Nom et poste issus uniquement d'un résumé de recherche (page non ouverte, réseau bloqué) ; domaine non vérifié.",inexploitable,Google
Philippe,Bresson,philippe.bresson@insigniaproductions.global,Insignia Productions,insigniaproductions.global,co-fondateur,Kenya,Kenya - production live-action,devine,aucun modèle observé,,,,,a verifier,,B,"Nom et poste issus uniquement d'un résumé de recherche (page non ouverte, réseau bloqué) ; domaine non vérifié.",inexploitable,Google
Sam,Soko,sam.soko@lbxafrica.com,LBx Africa,lbxafrica.com,co-fondateur,Kenya,Kenya - production live-action,devine,aucun modèle observé,,,,,a verifier,,B,"Nom et poste issus uniquement d'un résumé de recherche (page non ouverte, réseau bloqué) ; domaine non vérifié.",inexploitable,Google
Francis,Brown,francis.brown@animaxfybstudios.com,AnimaxFYB Studios,animaxfybstudios.com,CEO/fondateur,Ghana,Ghana,devine,aucun modèle observé,,,,,a verifier,,B,"Nom et poste issus uniquement d'un résumé de recherche (page non ouverte, réseau bloqué) ; domaine non vérifié.",inexploitable,Google
Shirley,Frimpong-Manso,shirley.frimpong-manso@sparrowstation.com,Sparrow Productions,sparrowstation.com,fondatrice/CEO,Ghana,Ghana,devine,aucun modèle observé,,,,,a verifier,,C,"Nom et poste issus uniquement d'un résumé de recherche (page non ouverte, réseau bloqué) ; domaine non vérifié. Réserve : domaine = plateforme de streaming de la fondatrice, pas forcément celui de Sparrow Productions.",inexploitable,aucun MX
Eyram,Tawia,eyram.tawia@letiarts.com,Leti Arts,letiarts.com,CEO/cofondateur,Ghana,Ghana,devine,aucun modèle observé,,,,,a verifier,,C,"Nom et poste issus uniquement d'un résumé de recherche (page non ouverte, réseau bloqué) ; domaine non vérifié. Réserve : cas limite : jeux/BD, animation en projet.",inexploitable,autre:letiarts.com.
Raymond,Malinga,raymond.malinga@creatures.africa,Creatures Animation Studio,creatures.africa,CEO,Uganda,Rwanda + Ouganda,devine,aucun modèle observé,,,,,a verifier,,B,"Nom et poste issus uniquement d'un résumé de recherche (page non ouverte, réseau bloqué) ; domaine non vérifié.",risque,Google
Amil,Shivji,amil.shivji@kijiweniproductions.com,Kijiweni Productions,kijiweniproductions.com,fondateur,Tanzania,Tanzanie + Zimbabwe,devine,aucun modèle observé,,,,,a verifier,,B,"Nom et poste issus uniquement d'un résumé de recherche (page non ouverte, réseau bloqué) ; domaine non vérifié.",inexploitable,Google
Gwamaka,Mwabuka,gwamaka.mwabuka@tai.or.tz,Tai Studios / Tai Tanzania,tai.or.tz,co-fondateur/directeur,Tanzania,Tanzanie + Zimbabwe,devine,aucun modèle observé,,,,,a verifier,,C,"Nom et poste issus uniquement d'un résumé de recherche (page non ouverte, réseau bloqué) ; domaine non vérifié. Réserve : structure possiblement ONG.",livrable,Microsoft
Charles,Mugaviri,charles.mugaviri@invisionworld.com,Invision Studios,invisionworld.com,co-fondateur,Zimbabwe,Tanzanie + Zimbabwe,devine,aucun modèle observé,,,,,a verifier,,B,"Nom et poste issus uniquement d'un résumé de recherche (page non ouverte, réseau bloqué) ; domaine non vérifié.",inexploitable,aucun MX
Blessing,Chinanga,blessing.chinanga@invisionworld.com,Invision Studios,invisionworld.com,co-fondateur,Zimbabwe,Tanzanie + Zimbabwe,devine,aucun modèle observé,,,,,a verifier,,B,"Nom et poste issus uniquement d'un résumé de recherche (page non ouverte, réseau bloqué) ; domaine non vérifié.",inexploitable,aucun MX
Denise,Edwards,denise.edwards@invisionworld.com,Invision Studios,invisionworld.com,co-fondateur,Zimbabwe,Tanzanie + Zimbabwe,devine,aucun modèle observé,,,,,a verifier,,B,"Nom et poste issus uniquement d'un résumé de recherche (page non ouverte, réseau bloqué) ; domaine non vérifié.",inexploitable,aucun MX
