campagneLemlist,typeStructure,statutLemlist,ordreDansCampagne,firstName,lastName,email,companyName,companyDomain,jobTitle,country,marchePrioritaire,cibleWLFG,entreeVerticale,trackCommercial,priorite,fiabilite,emailPrecedent,precisionType,personSourceUrl,note,vague,aRequalifier,linkedinUrl,linkedinCompanyUrl,correspondanceLinkedIn,posteVuSurLinkedIn,noteLinkedIn
Campagne 1 - Animation et VFX,Studio d'animation / VFX,livrable,1er contact,Dianne,Makings,dianne@fancyhorsestudios.com,Fancy Horse Studios,fancyhorsestudios.com,Co-founder & Producer,South Africa,prioritaire,Global Creative Events,Dirige le Cape Town International Animation Festival (Animation SA) : double casquette evenement et organisme de filiere.,petit compte,C,a verifier,,,https://www.dailymaverick.co.za/article/2025-11-18-sa-studio-wins-top-animation-prize-for-bringing-prehistoric-karoo-waterhole-to-life/,Accroche : première victoire sud-africaine au prix Lanzendorf PaleoArt (2025). Dianne Makings dirige aussi le Cape Town International Animation Festival (Animation SA) : bon relais réseau. 2e source : https://vertpaleo.org/past-award-winners-and-grant-recipients/. MX Google Workspace. Petit studio en télétravail (2 associés). Extraits non ouverts.,vagues 1-3,non,https://www.linkedin.com/in/diannemakings/,,nom + structure,Dianne Makings - Fancy Horse Studios,Homonymes écartés : dianne-makings-28065113 (Events Manager) et dianne-makings-5b2a1746 (Draft FCB Redline).
Campagne 1 - Animation et VFX,Studio d'animation / VFX,livrable,1er contact,Paul,Meyer,paul@luma.co.za,Luma Animation,luma.co.za,Co-founder & CEO,South Africa,prioritaire,Entreprises creatives (hors verticale directe),,grand compte,B,a verifier,,,https://theanimationschool.co.za/blog/animation-companies-south-africa,"Studio de Johannesburg fondé en 2001 (~30 pers.), long métrage « Headspace » et SAFTA VFX 2024 pour Shaka iLembe. 2e source : https://za.linkedin.com/company/luma-animation (posts 2025, extrait). Les deux sources citant Meyer comme CEO ne sont pas clairement datées 2025 : à confirmer. MX Microsoft 365. Extraits non ouverts.",vagues 1-3,non,https://www.linkedin.com/in/therealpaulmeyer/,https://za.linkedin.com/company/luma-animation,nom + structure,"Paul Meyer - Luma (CEO @ Luma, Johannesburg)",Homonyme écarté : za.linkedin.com/in/paul-meyer-71b1b267 (Assist247.co.za).
Campagne 1 - Animation et VFX,Studio d'animation / VFX,livrable,1er contact,Naddya,Oluoch-Olunya,naddya@nalostudios.com,Nalo Studios,nalostudios.com,Founder & CEO,Kenya,repousse par Garry,Global Trade Bodies,"Ambassadrice Women in Games 2025 ; studio prestataire de Walt Disney Animation, Netflix Animation et Nickelodeon.",a qualifier,B,a verifier,,,https://www.womeningames.org/a-warm-welcome-to-our-new-individual-ambassadors-of-2025/,"Accroche : realisatrice primee a Annecy, studio prestataire de Walt Disney Animation, Netflix Animation et Nickelodeon, slate d'originaux en developpement. Reserves : aucune adresse observee sur le domaine ; MX Google Workspace ; 2e source : https://ke.linkedin.com/in/nalostudios ; structure portee par la fondatrice (taille inconnue).",vagues 1-3,non,https://ke.linkedin.com/in/nalostudios,,nom + structure,Naddya Adhiambo (URL /in/nalostudios),"Profil affiché sous « Naddya Adhiambo » (deuxième prénom), l'identifiant d'URL reprend le nom du studio ; un article ancien la liait à Sunflower Pictures, ancien nom probable."
Campagne 1 - Animation et VFX,Studio d'animation / VFX,livrable,1er contact,Richard,Oboh,richard@orangevfx.com,Orange VFX Studios,orangevfx.com,Founder & CEO,Nigeria,prioritaire,Entreprises creatives (hors verticale directe),,grand compte,B,a verifier,,Forme et accompagne aussi des createurs de contenu africains : porte d'entree possible pour le modele de formation one-to-many.,,"Origine : relance lot 2 (richard.oboh@ inexploitable). ZoomInfo masque r***@, cohérent avec richard@ 50 salaries, fondee en 2010, CA annonce 3-5 M$",vague 4,non,https://ng.linkedin.com/in/richard-oboh,,nom + structure,"Richard Oboh (Lagos, Nigeria) – lié à Orange VFX Studios","Extrait : basé à Lagos, lié à Orange VFX Studios (Creative Director / President Orange VFX Inc) ; pas de page company LinkedIn trouvée."
Campagne 1 - Animation et VFX,Studio d'animation / VFX,livrable,1er contact,Richard,Bolland,richard@studiobo.io,Studio Bo (ex-Studio Bolland),studiobo.io,Co-founder & Studio Director,South Africa,prioritaire,Entreprises creatives (hors verticale directe),,petit compte,C,a verifier,,"Animation de marque et jeux depuis 2023 : activite surtout explicative, a recouper.",https://filmcapetown.com/studio-bo-merging-animation-gaming-and-brand-stories/,"Studio de Muizenberg fondé en 2014 (~11 pers.), animation de marque et jeux depuis 2023 ; cité dans le livret Wesgro Animation SA. 2e source : https://www.linkedin.com/in/richardbolland/. MX Google Workspace (ancien domaine studiobolland.com aussi actif chez Google). Activité surtout explicatifs/brand : à recouper avec l'agent 05. Extraits non ouverts.",vagues 1-3,non,https://www.linkedin.com/in/richardbolland/,https://za.linkedin.com/company/studio-bolland,nom + structure,Richard Bolland - Studio Bo,Page entreprise encore au nom de Studio Bolland (ancien nom de Studio Bo).
Campagne 1 - Animation et VFX,Studio d'animation / VFX,livrable,1er contact,Kahenya,Kangethe,studiozubaa@gmail.com,Studio Zubaa,studiozubaa.com,Co-founder,Kenya,repousse par Garry,Entreprises creatives (hors verticale directe),,petit compte,C,a verifier,kahenya@studiozubaa.com,,https://www.ecostylia.com/en/east-african-animation-annecy/,"Accroche : pitch de Sasa's Island (2D, 6-8 ans) sur la scene du MIFA 2026. Reserves : studio cree en 2023 (moins de 5 ans), petite structure ; contact public studiozubaa@gmail.com (hors domaine) ; MX Safaricom Business ; 2e source : https://www.linkedin.com/in/kahenya-kangethe-623b011b3/",vagues 1-3,non,https://uk.linkedin.com/in/kahenya-kangethe-623b011b3,,nom + structure,Producer and Director of Animated Content - Fye Network,"Titre affiché = Fye Network, mais l'extrait mentionne la cofondation de Studio Zubaa en 2023 ; double casquette probable."
Campagne 1 - Animation et VFX,Studio d'animation / VFX,livrable,1er contact,Phil,Cunningham,phil.cunningham@sunriseproductions.tv,Sunrise Productions,sunriseproductions.tv,fondateur,South Africa,prioritaire,Entreprises creatives (hors verticale directe),,a qualifier,B,a verifier,,,,"Nom et poste issus uniquement d'un résumé de recherche (page non ouverte, réseau bloqué) ; domaine non vérifié.",vagues 1-3,non,https://www.linkedin.com/in/phil-cunningham-b2aa2519/,,nom + structure,Phil Cunningham - Sunrise Animation Studios,"Structure affichée sous le nom Sunrise Animation Studios (même studio) ; homonymes écartés (Franklin..., Simba DoJang)."
Campagne 1 - Animation et VFX,Studio d'animation / VFX,livrable,2e contact - a sequencer,Jacqui,Cunningham,jacqui.cunningham@sunriseproductions.tv,Sunrise Productions,sunriseproductions.tv,fondateur,South Africa,prioritaire,Entreprises creatives (hors verticale directe),,a qualifier,B,a verifier,,,,"Nom et poste issus uniquement d'un résumé de recherche (page non ouverte, réseau bloqué) ; domaine non vérifié.",vagues 1-3,non,,https://za.linkedin.com/company/sunrise-productions,introuvable,,"Aucun profil personnel trouvé en 2 recherches ; page entreprise Sunrise Animation Studios trouvée (Phil Cunningham, cofondateur, y a un profil : linkedin.com/in/phil-cunningham-b2aa2519)."
Campagne 1 - Animation et VFX,Studio d'animation / VFX,livrable,1er contact,Gwamaka,Mwabuka,gwamaka.mwabuka@tai.or.tz,Tai Studios / Tai Tanzania,tai.or.tz,co-fondateur/directeur,Tanzania,hors territoire,Global Institutions,"Domaine en .or.tz et structure possiblement ONG, d'apres la note du fichier source : a qualifier avant de l'approcher comme entreprise.",a qualifier,C,a verifier,,"A qualifier avant approche : le domaine en .or.tz et la note du fichier source laissent penser a une ONG, pas a un studio commercial.",,"Nom et poste issus uniquement d'un résumé de recherche (page non ouverte, réseau bloqué) ; domaine non vérifié. Réserve : structure possiblement ONG.",vagues 1-3,non,https://www.linkedin.com/in/gwamaka-mwabuka-18b97022/,,nom + structure,Gwamaka Mwabuka - Founder & CEO (Tai Studios),"Titre affiché « Founder & CEO » ; le résumé du profil cite Tai Studios, Dar es Salaam."
Campagne 1 - Animation et VFX,Studio d'animation / VFX,livrable,1er contact,Stuart,Forrest,stuart.forrest@triggerfish.com,Triggerfish Animation Studios,triggerfish.com,CEO,South Africa,prioritaire,Entreprises creatives (hors verticale directe),,a qualifier,B,a verifier,,,,"Nom et poste issus uniquement d'un résumé de recherche (page non ouverte, réseau bloqué) ; domaine non vérifié.",vagues 1-3,non,https://www.linkedin.com/in/stuart-forrest-b849874/,https://za.linkedin.com/company/triggerfishanimation,nom + structure,Stuart Forrest - Triggerfish Animation (CEO),Homonyme écarté : stuart-forrest-b38621122 (ingénieur chez Robertson and Caine).
Campagne 1 - Animation et VFX,Studio d'animation / VFX,livrable,1er contact,David,Ferreira,david@goldenroad.tv,Golden Road Entertainment,goldenroad.tv,Founder,South Africa,prioritaire,Entreprises creatives (hors verticale directe),,a qualifier,C,a verifier,,,,Origine : écarté lot 2 (pas de source 2025-2026). Email vu dans un extrait de recherche (publié),vague 4,oui - activite 2025-2026 non confirmee,https://www.linkedin.com/in/davidjferreira/,,nom + structure,David José Ferreira - Golden Road Entertainment,Basé à George (Western Cape) selon l'extrait ; nombreux homonymes écartés.
Campagne 1 - Animation et VFX,Studio d'animation / VFX,livrable,1er contact,Arri,Reschke,arri@lung.co.za,Lung Animation,lung.co.za,Animator / key contact,South Africa,prioritaire,Entreprises creatives (hors verticale directe),,a qualifier,C,a verifier,,Studio d'animation au Cap (Woodstock).,https://wandering-armadillo-ceai32qsxj.ploi.online/store/lung-animation/company_overview,"Domaine confirme par l'extrait de fiche annuaire (site www.lung.co.za, Studio 302 The Hills, Woodstock) ; MX Google -> cas 3, prenom@ par defaut sans modele observe. Contact cite comme animateur/contact cle (studio manager : Jean Mortlock), pas un role de direction formel ; fiche aussi sur ididthat.co. Lu via extraits seulement.",vague 5,"oui - contact cite comme animateur, pas comme dirigeant (studio manager : Jean Mortlock)",https://www.linkedin.com/in/arri-reschke-1289538/,,nom + structure,"Arri Reschke - Lung Animation (owner, Cape Town)",Deux profils au même nom citant tous deux Lung Animation (probable doublon) ; autre candidat : linkedin.com/in/arri-reschke-390b288/ (titre « inhaler - Lung Animation »).
Campagne 1 - Animation et VFX,Studio d'animation / VFX,livrable,1er contact,Nic,Buchanan,nic@pixcomm.co.za,Pixcomm,pixcomm.co.za,Owner,South Africa,prioritaire,Entreprises creatives (hors verticale directe),,a qualifier,C,a verifier,,,,Origine : écarté lot 2 (pas d'activité 2025-2026). Email vu dans un extrait de recherche (publié),vague 4,oui - activite 2025-2026 non confirmee,https://www.linkedin.com/in/nic-buchanan-8861654/,,nom + structure,Nic Buchanan - Pixcomm,Profil localisé en Allemagne (Pixcomm basé au Cap) ; homonyme écarté : nic-buchanan-51756416a (N Buchanan Coaching LLC).
Campagne 1 - Animation et VFX,Studio d'animation / VFX,livrable,1er contact,Uche,Anisiuba,uche@quadronstudios.com,Quadron Studios,quadronstudios.com,CEO,Nigeria,prioritaire,Entreprises creatives (hors verticale directe),,a qualifier,C,a verifier,,,,Origine : écarté lot 2 (pas de source 2025-2026).,vague 4,oui - activite 2025-2026 non confirmee,https://www.linkedin.com/in/uche-anisiuba-a7399a39/,,nom + structure,"Uche Anisiuba - Quadron Studios (CEO, Lagos)","Profil cohérent avec la fiche, aucun homonyme."
Campagne 1 - Animation et VFX,Studio d'animation / VFX,livrable,1er contact,Christian,van der Walt,christian@sinisterstudio.co.za,Sinister Studio,sinisterstudio.co.za,Owner,South Africa,prioritaire,Entreprises creatives (hors verticale directe),,a qualifier,C,a verifier,,,,Origine : écarté lot 2 (pas de source 2025-2026).,vague 4,oui - activite 2025-2026 non confirmee,,,introuvable,,"Aucun profil reliant Christian van der Walt à Sinister Studio ; candidat écarté za.linkedin.com/in/cvdwalt (Chris van der Walt, sans structure) ; une source cite Henriette van der Walt comme contact du studio."
Campagne 1 - Animation et VFX,Studio d'animation / VFX,risqué,1er contact,Niyi,Akinmolayan,niyi.akinmolayan@anthillstudios.com,Anthill Studios,anthillstudios.com,fondateur,Nigeria,prioritaire,Entreprises creatives (hors verticale directe),,a qualifier,C,a verifier,,,,"Nom et poste issus uniquement d'un résumé de recherche (page non ouverte, réseau bloqué) ; domaine non vérifié. Réserve : indépendance à confirmer (coproduction Disney Iwájú).",vagues 1-3,non,https://www.linkedin.com/in/niyiakinmolayan/,https://ng.linkedin.com/company/anthillstudios,nom + structure,Niyi Akinmolayan - Anthill Studios (Founder & Creative Director),Toujours en poste chez Anthill Studios selon l'extrait.
Campagne 1 - Animation et VFX,Studio d'animation / VFX,risqué,1er contact,Raymond,Malinga,raymond.malinga@creatures.africa,Creatures Animation Studio,creatures.africa,CEO,Uganda,hors territoire,Entreprises creatives (hors verticale directe),,a qualifier,B,a verifier,,,,"Nom et poste issus uniquement d'un résumé de recherche (page non ouverte, réseau bloqué) ; domaine non vérifié.",vagues 1-3,non,https://www.linkedin.com/in/raymond-malinga-20b64062/,,nom + structure,Raymond Malinga - Creatures Animation,Robin Malinga (co-fondateur) a aussi un profil Creatures Animation.
Campagne 1 - Animation et VFX,Studio d'animation / VFX,risqué,1er contact,Kelvin,Shani,kshani@sirnare.com,SirNare Animation Studios,sirnare.com,fondateur,Kenya,repousse par Garry,Entreprises creatives (hors verticale directe),,a qualifier,C,a verifier,,,,Relance de variante après échec de prenom.nom@ ; nom non vérifié sur une page ouverte.,vagues 1-3,non,https://www.linkedin.com/in/kelvin-shani/,,nom + structure,"Kelvin Shani - Ivry-sur-Seine, Île-de-France, France (fondateur/directeur créatif Sirnare selon l'extrait)","Localisation affichée en France et non au Kenya : possible déménagement, à vérifier avant contact."
Campagne 1 - Animation et VFX,Studio de jeux et contenus interactifs ou immersifs,livrable,1er contact,Tulanana,Bohela,tulanana@onastories.com,OnaStories Group,onastories.com,Co-founder & Director,Tanzania,hors territoire,Global Institutions,"Clients ONU/UNCDF, UN-Habitat et Vodacom Foundation. Intervient aussi publiquement sur la fiscalite des creatifs tanzaniens, ce qui lui donne une casquette de filiere.",a qualifier,B,a verifier,,"Narration immersive AR/VR/360 et IA, pas de la production audiovisuelle classique.",https://www.thecitizen.co.tz/tanzania/news/national/creative-sector-calls-for-financial-legal-reforms-to-unlock-tanzania-s-creative-economy-5584196,"Accroche : studio de narration immersive (AR/VR/360, IA) fondé en 2016, Tanzanie, clients ONU/UNCDF, UN-Habitat, Vodacom Foundation, CRDB Bank. Réserves : 2e source = https://en.wikipedia.org/wiki/Tulanana_Bohela (+ LinkedIn Director/Co-founder) ; extraits non ouverts ; MX Google Workspace ; ZoomInfo affiche des adresses masquées t***@, m***@, f***@ (compatibles prenom@ mais non probantes) ; hello@ vu dans un extrait de recherche ; structure plus tech/immersif que production audiovisuelle classique.",vagues 1-3,non,https://www.linkedin.com/in/tulananabohela/,https://www.linkedin.com/company/onastories,nom + structure,Director/ Co-founder - OnaStories Group,"Deuxième profil citant aussi OnaStories (linkedin.com/in/tulanana-bohela-b7149822/), probablement un doublon ; retenu celui qui affiche le poste."
Campagne 1 - Animation et VFX,Studio de jeux et contenus interactifs ou immersifs,livrable,1er contact,Glenn,Gillis,glenn@seamonster.co.za,Sea Monster Entertainment,seamonster.co.za,Co-founder & CEO,South Africa,prioritaire,Global Trade Bodies,Preside Games for Change Africa.,grand compte,B,a verifier,,"Animation 2D et 80 jeux a impact ; Glenn Gillis preside Games for Change Africa, d'ou le classement en jeux plutot qu'en animation pure.",https://www.pocketgamer.biz/sea-monster-ceo-glenn-gillis-talks-15-years-of-growth-africas-games-industry-and-what-comes-next/,"Studio cape-towien né de Clockwork Zoo (2011, ~35 pers.), animation 2D + 80 jeux à impact ; Gillis préside Games for Change Africa. 2e source : https://www.heavychef.com/blog/live-recipe-gamifying-growth-with-glenn-gillis. MX Google Workspace (seamonster.co.za ; le site actuel est seamonster.digital, aussi Google). Taille >10 mais l'agrégateur indique first@ : prenom@ retenu, extraits non ouverts.",vagues 1-3,non,https://www.linkedin.com/in/gillisglenn/,https://za.linkedin.com/company/sea-monster,nom + structure,Glenn Gillis - Sea Monster Entertainment (CEO),Toujours CEO de Sea Monster ; également Chairperson de Games for Change Africa.
Campagne 1 - Animation et VFX,Studio de jeux et contenus interactifs ou immersifs,non verifiable (serveur muet),1er contact,Eyram,Tawia,eyram@letiarts.com,Leti Arts,letiarts.com,CEO/cofondateur,Ghana,prioritaire,Entreprises creatives (hors verticale directe),,a qualifier,C,a verifier,etawia@letiarts.com,,,Relance de variante après échec de prenom.nom@ ; nom non vérifié sur une page ouverte.,vagues 1-3,non,https://www.linkedin.com/in/eyram-tawia/,https://www.linkedin.com/company/leti-arts,nom + structure,Eyram Tawia - Leti Arts,Toujours CEO/co-fondateur ; aussi chercheur doctorant à Loughborough University.
Campagne 2 - Production fiction et series,"Maison de production - fiction, series, cinema",livrable,1er contact,Thierry,Cassuto,thierry@both-worlds.com,Both Worlds,both-worlds.com,fondateur,South Africa,prioritaire,Entreprises creatives (hors verticale directe),,a qualifier,C,a verifier,,,,Relance de variante après échec de prenom.nom@ ; nom non vérifié sur une page ouverte.,vagues 1-3,non,https://www.linkedin.com/in/thierrycassuto/,,nom + structure,Thierry Cassuto - Both Worlds Pictures (Cape Town),"Profil cohérent, aucun homonyme."
Campagne 2 - Production fiction et series,"Maison de production - fiction, series, cinema",livrable,1er contact,Eugene,Mbugua,eugene@dnrstudios.co.ke,D&R Studios,dnrstudios.co.ke,Founder & CEO,Kenya,repousse par Garry,Entreprises creatives (hors verticale directe),,compte moyen,B,a verifier,,,,"Origine : relance lot 2 (eugene.mbugua@ inexploitable). 22 salaries, fondee en 2013",vague 4,non,https://www.linkedin.com/in/eugene-mbugua-16128958/,https://ke.linkedin.com/company/d-r-studioske,nom + structure,Eugene Mbugua - D&R Studios (Founder & CEO),Correspondance claire avec la fiche.
Campagne 2 - Production fiction et series,"Maison de production - fiction, series, cinema",livrable,1er contact,Tamsin,Andersson,tamsin@diprente.co.za,Diprente,diprente.co.za,Co-founder & Producer,South Africa,prioritaire,Entreprises creatives (hors verticale directe),,a qualifier,B,a verifier,,,https://www.news24.com/life/arts-and-entertainment/film/karabo-lediga-pays-tribute-to-her-larger-than-life-mom-in-heartfelt-new-film-sabbatical-20250507-0932,Accroche : production de « Sabbatical » de Karabo Lediga (2025) après Queen Sono et Classified. Réserves : 2e source https://www.actorspaces.co.za/diprente-presents-sabbatical-a-bold-bittersweet-drama-with-heart-and-humour/ ; Google Workspace ; RocketReach annonce un format prenom@ mais aucune adresse complète vue ; extraits non ouverts.,vagues 1-3,non,https://www.linkedin.com/in/tamsin-andersson-bba08332/,,nom + structure,"Tamsin Andersson - City of Johannesburg, Gauteng, South Africa (expérience Diprente)",L'extrait mentionne Diprente (diprentefilms.co.za) ; pas de page company LinkedIn trouvée.
Campagne 2 - Production fiction et series,"Maison de production - fiction, series, cinema",livrable,2e contact - a sequencer,Kagiso,Lediga,kagiso@diprente.co.za,Diprente,diprente.co.za,"Co-founder, Writer/Director & Producer",South Africa,prioritaire,Entreprises creatives (hors verticale directe),,a qualifier,B,a verifier,,,https://variety.com/2025/film/global/joni-sighvatsson-david-lynch-netflix-the-global-ensemble-drama-diprente-media-1236298641/,"Accroche : adaptation de Jonas Jonasson coproduite avec Joni Sighvatsson, tournage 2026. Réserves : 2e source https://www.actorspaces.co.za/diprente-presents-sabbatical-a-bold-bittersweet-drama-with-heart-and-humour/ (producteur de Sabbatical, 2025) ; même structure que Tamsin Andersson, à séquencer ; Google Workspace ; extraits non ouverts.",vagues 1-3,non,,https://za.linkedin.com/company/diprente,introuvable,,"Candidats écartés faute de lien : kagiso-lediga-a7b24954 (Johannesburg, sans poste) et kagiso-lediga-025019156 (Absa Group) ; Karabo Lediga (Diprente Films) est une autre personne."
Campagne 2 - Production fiction et series,"Maison de production - fiction, series, cinema",livrable,1er contact,Kunle,Afolayan,kunle@goldeneffectspictures.com,Golden Effects Pictures,goldeneffectspictures.com,Managing Director & CEO,Nigeria,prioritaire,Entreprises creatives (hors verticale directe),,compte moyen,B,a verifier,,,https://whatkeptmeup.com/nigerian-film-industry-articles/after-a-netflix-focused-era-kunle-afolayan-brings-recall-to-the-big-screen/,"Accroche : retour en salles avec « Recall » (avril 2025) et série « Aníkúlápó: Rise of the Spectre » annoncée au slate Netflix 2026 (https://www.bellanaija.com/2026/01/netflix-africa-2026-movie-slate/). Rôle CEO confirmé par https://en.wikipedia.org/wiki/Kunle_Afolayan . MX Microsoft 365. Structure fondée en 2005, 11-50 pers. mais très centrée sur le fondateur : prenom@ choisi ; ZoomInfo affiche une adresse masquée k***@ (extrait non ouvert, non concluant) ; variante kunle.afolayan@.",vagues 1-3,non,https://www.linkedin.com/in/kunle-afolayan-b0542415/,https://ng.linkedin.com/company/golden-effects-pictures-ltd,nom + structure,Kunle Afolayan - Golden Effects Pictures ltd (MD/CEO),"Second profil écarté : kunle-afolayan-4515929 (actor at film industry, sans structure)."
Campagne 2 - Production fiction et series,"Maison de production - fiction, series, cinema",livrable,1er contact,Philippe,Bresson,pbresson@insigniaproductions.global,Insignia Productions,insigniaproductions.global,co-fondateur,Kenya,repousse par Garry,Entreprises creatives (hors verticale directe),,a qualifier,C,a verifier,,,,Relance de variante après échec de prenom.nom@ ; nom non vérifié sur une page ouverte.,vagues 1-3,non,https://www.linkedin.com/in/philippe-bresson-19248476/,,nom + structure,Philippe Bresson - INSIGNIA PRODUCTIONS,"Homonymes français écartés (Semper Florens, SOFIANE Voyages, Commission européenne)."
Campagne 2 - Production fiction et series,"Maison de production - fiction, series, cinema",livrable,2e contact - a sequencer,Grace,Kahaki,gkahaki@insigniaproductions.global,Insignia Productions,insigniaproductions.global,co-fondateur,Kenya,repousse par Garry,Entreprises creatives (hors verticale directe),,a qualifier,C,a verifier,,,,Relance de variante après échec de prenom.nom@ ; nom non vérifié sur une page ouverte.,vagues 1-3,non,https://www.linkedin.com/in/grace-kahaki-munthali-046ba788/,,nom + structure,Grace Kahaki Munthali - INSIGNIA PRODUCTIONS,"Profil au nom complet Grace Kahaki Munthali, co-owner d'Insignia Productions."
Campagne 2 - Production fiction et series,"Maison de production - fiction, series, cinema",livrable,1er contact,Kemi,Adetiba,kemi@kemiadetiba.com,Kemi Adetiba Visuals,kemiadetiba.com,Founder & Director,Nigeria,prioritaire,Entreprises creatives (hors verticale directe),,petit compte,B,a verifier,,,https://en.wikipedia.org/wiki/To_Kill_a_Monkey,"Accroche : série Netflix « To Kill a Monkey » (juillet 2025), produite sous la bannière Kemi Adetiba Visuals, et auditions pour « The Stool ». 2e source : https://www.bellanaija.com/2025/06/kemi-adetiba-to-kill-a-monkey-trailer/ . MX Proofpoint (passerelle de filtrage, risque de rejet). Domaine au nom de la fondatrice, donné comme site de KAV dans les extraits. Petite structure (fondée 2015) : prenom@.",vagues 1-3,non,https://www.linkedin.com/in/kemi-adetiba-b618a818/,,nom + structure,Kemi Adetiba - CEO at Kemi Adetiba Visuals,"Homonyme écarté : Kemi Fred-Adetiba (FIST Africa, juriste)."
Campagne 2 - Production fiction et series,"Maison de production - fiction, series, cinema",livrable,1er contact,Sam,Soko,ssoko@lbxafrica.com,LBx Africa,lbxafrica.com,co-fondateur,Kenya,repousse par Garry,Entreprises creatives (hors verticale directe),,a qualifier,C,a verifier,,,,Relance de variante après échec de prenom.nom@ ; nom non vérifié sur une page ouverte.,vagues 1-3,non,https://www.linkedin.com/in/sam-soko-2325501b/,https://ke.linkedin.com/company/lightbox-africa,nom + structure,Sam Soko - LBx Africa (Director/Producer),"Profil cohérent, aucun homonyme."
Campagne 2 - Production fiction et series,"Maison de production - fiction, series, cinema",livrable,1er contact,Mathew,Nabwiso,mathew@nabwisofilms.com,Nabwiso Films,nabwisofilms.com,Founder & Managing Director,Uganda,hors territoire,Entreprises creatives (hors verticale directe),,a qualifier,B,a verifier,,,,Origine : relance lot 2 (mathew.nabwiso@ inexploitable). ZoomInfo masque m***@,vague 4,non,https://www.linkedin.com/in/mathew-nabwiso-206205130/,,nom + structure,Mathew Nabwiso - Nabwiso films,Correspondance claire ; Eleanor Nabwiso (cofondatrice) a aussi un profil.
Campagne 2 - Production fiction et series,"Maison de production - fiction, series, cinema",livrable,2e contact - a sequencer,Eleanor,Nabwiso,eleanor@nabwisofilms.com,Nabwiso Films,nabwisofilms.com,Co-founder & Creative Director,Uganda,hors territoire,Entreprises creatives (hors verticale directe),,a qualifier,B,a verifier,,,,Origine : relance lot 2 (eleanor.nabwiso@ inexploitable). Même maison que Mathew : à séquencer,vague 4,non,https://www.linkedin.com/in/eleanor-nabwiso-525317a9/,,nom + structure,Eleanor Nabwiso - Nabwiso films company ltd,Toujours associée à Nabwiso Films ; pas de page company LinkedIn trouvée.
Campagne 2 - Production fiction et series,"Maison de production - fiction, series, cinema",livrable,1er contact,Joe,Njagu,joe@area46.co.zw,Area 46 Productions,area46.co.zw,Managing Director,Zimbabwe,hors territoire,Entreprises creatives (hors verticale directe),,a qualifier,C,a verifier,,,,Origine : écarté lot 2 (une seule source). Agrégateur annonçait prenom.nom@,vague 4,oui - activite 2025-2026 non confirmee,,https://zw.linkedin.com/company/area-46,introuvable,,"Candidat non retenu : linkedin.com/in/joe-njagu-881a0760/ (titre « YALI », Zimbabwe) ; l'extrait ne cite ni Area 46 ni le cinéma."
Campagne 2 - Production fiction et series,"Maison de production - fiction, series, cinema",livrable,1er contact,Connie,Ferguson,connie@fergusonfilms.co.za,Ferguson Films,fergusonfilms.co.za,Co-founder,South Africa,prioritaire,Entreprises creatives (hors verticale directe),,a qualifier,C,a verifier,,,,Origine : écarté lot 2 (rôle non confirmé 2025-2026).,vague 4,oui - activite 2025-2026 non confirmee,https://www.linkedin.com/in/connie-ferguson-042b91105/,https://www.linkedin.com/company/fergusonfilms,nom + structure,"Connie Ferguson - Ferguson Films (Director, Johannesburg)","Plusieurs homonymes écartés (IPG Mediabrands, Dominion Cinema, Tonbridge UK, etc.)."
Campagne 2 - Production fiction et series,"Maison de production - fiction, series, cinema",livrable,1er contact,Nick,Mutuma,nick@shotbygiraffe.com,Giraffe Africa Productions,shotbygiraffe.com,Founder,Kenya,repousse par Garry,Entreprises creatives (hors verticale directe),,a qualifier,C,a verifier,,Domaine alternatif : le domaine principal n'avait pas de MX.,,Origine : écarté lot 2 (domaine principal sans MX). Domaine alternatif shotbygiraffe.com,vague 4,oui - activite 2025-2026 non confirmee,,,introuvable,,Seul candidat linkedin.com/in/nick-mutuma-7b96a0144/ (« Nick Mutuma - Kenya ») sans structure ni secteur dans l'extrait ; non retenu.
Campagne 2 - Production fiction et series,"Maison de production - fiction, series, cinema",livrable,1er contact,Leanne,Kumalo,leanne@seriti.tv,Seriti Films,seriti.tv,Managing Director,South Africa,prioritaire,Entreprises creatives (hors verticale directe),,a qualifier,C,a verifier,,,,Origine : écarté lot 2 (pas de source 2025-2026).,vague 4,oui - activite 2025-2026 non confirmee,https://www.linkedin.com/in/leanne-kumalo/,,nom + structure,Leanne Kumalo - Seriti Films (Managing Director),Toujours en poste chez Seriti Films selon l'extrait.
Campagne 2 - Production fiction et series,"Maison de production - fiction, series, cinema",risqué,1er contact,C.J.,Obasi,cj@afieryfilm.com,Fiery Film Company,afieryfilm.com,Founder / Director-Producer,Nigeria,prioritaire,Entreprises creatives (hors verticale directe),,a qualifier,A,a verifier,,"Fondateur et realisateur-producteur nigerian, premiere visee en 2027. Plusieurs sources 2026, dates d'affichage a confirmer.",https://culturecustodian.com/c-j-fiery-obasi-to-direct-the-boy-who-runs-and-the-import-for-ambitious-nigerian-filmmaker/,"Personne et role lus uniquement via extraits de recherche (pages non ouvertes, proxy) : fondateur de Fiery Film cite par culturecustodian, afrocritik (?p=29114 'Obasi's production banner, Fiery Film'), sinemafocus (?p=11130, en-tete 29/06/2026) et afieryfilm.com/about-us ; date 2025-2026 deduite du contenu (premiere visee 2027), les dates d'en-tete whatkeptmeup/sinemafocus peuvent etre des dates d'affichage. Domaine confirme par l'extrait du site afieryfilm.com/about-us ; MX = le domaine lui-meme (auto-heberge, jamais teste) : une seule adresse proposee, 'cj' = prenom d'usage public (C.J.), attendre le verdict. Accroche : The Boy Who Runs (biopic Julius Achon, coprod. suisse 9 NIGHTS) et A Blue Butterfly avec Sanaa Lathan.",vague 5,non,https://ng.linkedin.com/in/fierycj,,nom + structure,"C.J. ""Fiery"" Obasi - CEO - Fiery Film Company Ltd",Même profil aussi indexé sous www.linkedin.com/in/fierycj/ (titre Academy of Motion Picture Arts and Sciences).
Campagne 2 - Production fiction et series,"Maison de production - fiction, series, cinema",risqué,1er contact,Naz,Onuzo,naz@inkblotproductions.com,Inkblot Productions,inkblotproductions.com,cofondateur,Nigeria,prioritaire,Entreprises creatives (hors verticale directe),,a qualifier,C,a verifier,,,,Relance de variante après échec de prenom.nom@ ; nom non vérifié sur une page ouverte.,vagues 1-3,non,https://www.linkedin.com/in/chinaza-onuzo-22133a5a/,,nom + structure,Chinaza Onuzo - Kava TV (CEO Inkblot Studios selon l'extrait),"Profil au prénom complet Chinaza (Naz) ; titre affiché Kava TV, plateforme cofondée par Inkblot et Filmhouse."
Campagne 2 - Production fiction et series,"Maison de production - fiction, series, cinema",risqué,2e contact - a sequencer,Zulumoke,Oyibo,zulumoke@inkblotproductions.com,Inkblot Productions,inkblotproductions.com,cofondateur,Nigeria,prioritaire,Entreprises creatives (hors verticale directe),,a qualifier,C,a verifier,,,,Relance de variante après échec de prenom.nom@ ; nom non vérifié sur une page ouverte.,vagues 1-3,non,https://www.linkedin.com/in/zulumoke-oyibo-660b9750/,,nom + structure,Zulumoke Oyibo - Inkblot Studios,Structure affichée sous le nom Inkblot Studios (même société).
Campagne 2 - Production fiction et series,"Maison de production - fiction, series, cinema",risqué,1er contact,Audrey,Restetuta Tanya,audrey@jengavisuals.co.ke,Jenga Visuals Ltd,jengavisuals.co.ke,Co-founder & Creative Producer,Kenya,repousse par Garry,Entreprises creatives (hors verticale directe),,a qualifier,C,a verifier,,,https://iffr.com/en/iffr-pro/talent-development/rotterdam-lab/rotterdam-lab-participants-2026,"Accroche : PAA saison 4 (8 épisodes) et Visasi/Stinger pour Maisha Magic/Showmax, Rotterdam Lab 2026. Réserves : date de création inconnue (critère 5 ans non vérifié) ; nom de famille composé (adresse à confirmer) ; MX auto-hébergé ; 2e source https://africatimesnetwork.co.ke/from-self-doubt-to-global-stages-how-audrey-tanya-is-building-an-african-film-legacy/",vagues 1-3,non,https://ke.linkedin.com/in/audreyegesa,,nom + structure,"AUDREY TANYA - producer, production manager, Nairobi (expérience Jenga Visuals Limited)",Le profil affiche « Audrey Tanya » sans « Restetuta » mais cite Jenga Visuals Limited.
Campagne 2 - Production fiction et series,"Maison de production - fiction, series, cinema",risqué,1er contact,Oscar,Nyamu,oscar.nyamu@movingshotpictures.com,Moving Shot Pictures,movingshotpictures.com,co-fondateur & MD,Kenya,repousse par Garry,Entreprises creatives (hors verticale directe),,a qualifier,B,a verifier,,,,"Nom et poste issus uniquement d'un résumé de recherche (page non ouverte, réseau bloqué) ; domaine non vérifié.",vagues 1-3,non,,,introuvable,,Aucun profil trouvé en deux recherches ; seul David Otunga apparaît chez Moving Shot Pictures.
Campagne 2 - Production fiction et series,"Maison de production - fiction, series, cinema",risqué,1er contact,Derin,Adeyokunnu,derin.adeyokunnu@nemsiastudios.com,Nemsia Studios,nemsiastudios.com,cofondateur,Nigeria,prioritaire,Entreprises creatives (hors verticale directe),,a qualifier,B,a verifier,,,,"Nom et poste issus uniquement d'un résumé de recherche (page non ouverte, réseau bloqué) ; domaine non vérifié.",vagues 1-3,non,https://www.linkedin.com/in/derinola/,https://ng.linkedin.com/company/nemsiastudios,nom + poste ou secteur,"Derin Adeyokunnu - Miami, Florida, United States",Titre sans structure ni poste ; lien Nemsia établi par le contexte des résultats ; localisation Miami à vérifier.
Campagne 2 - Production fiction et series,"Maison de production - fiction, series, cinema",risqué,2e contact - a sequencer,BB,Sasore,bb.sasore@nemsiastudios.com,Nemsia Studios,nemsiastudios.com,cofondateur,Nigeria,prioritaire,Entreprises creatives (hors verticale directe),,a qualifier,B,a verifier,,,,"Nom et poste issus uniquement d'un résumé de recherche (page non ouverte, réseau bloqué) ; domaine non vérifié.",vagues 1-3,non,,https://ng.linkedin.com/company/nemsiastudios,introuvable,BB Sasore - Nigeria,"Candidat linkedin.com/in/bb-sasore-1038682b/ (nom + pays seulement, ni structure ni secteur dans l'extrait) ; probablement le bon, à vérifier manuellement."
Campagne 2 - Production fiction et series,"Maison de production - fiction, series, cinema",risqué,1er contact,Femi,Odugbemi,femi@zuri24media.com,Zuri24 Media,zuri24media.com,Founder & Executive Producer,Nigeria,prioritaire,Global Institutions,"A lance le hub de production BLACKBox a Lekki, qui heberge Zuri24 : structure d'accueil plus que simple maison de production.",a qualifier,B,a verifier,,"Fait aussi de la publicite et du documentaire, et heberge le hub BLACKBox a Lekki.",https://marketingedge.com.ng/meet-marketing-edge-2026-national-marketing-stakehokders-summit-panellist-femi-odugbemi/,"Accroche : séries Battleground, Brethren, Covenant, Movement: Japa et lancement du hub de production BLACKBox à Lekki (https://thelagosreview.ng/blackbox-femi-odugbemi-launches-creative-hub-for-storytelling-content-innovation/). 2e source rôle : https://en.wikipedia.org/wiki/Femi_Odugbemi . MX auto-hébergé (zuri24media.com), ni Google ni Microsoft. Fait aussi de la pub/TVC et du documentaire. Réserve : dernière production datée non trouvée dans les extraits.",vagues 1-3,non,https://www.linkedin.com/in/femi-odugbemi-4806b15/,,nom + poste ou secteur,Femi Odugbemi. - #BLACKBox Creative Hub,"Le titre du profil cite #BLACKBox Creative Hub et non Zuri24 Media : doute léger (profil peut-être non mis à jour), à vérifier."
Campagne 2 - Production fiction et series,"Maison de production - fiction, series, cinema",risqué,1er contact,Jadesola,Osiberu,jadesola@greoh.com,Greoh Studios,greoh.com,Founder,Nigeria,prioritaire,Entreprises creatives (hors verticale directe),,a qualifier,C,a verifier,,,,Origine : écarté lot 2 (activité 2025-2026 non confirmée). Connue sous le nom Jáde Osiberu,vague 4,oui - activite 2025-2026 non confirmee,https://www.linkedin.com/in/jadesola-osiberu-44737034/,https://ng.linkedin.com/company/greoh-studios,nom + structure,Jadesola Osiberu - Greoh Studios,Founder & CEO selon le résumé du profil.
Campagne 2 - Production fiction et series,"Maison de production - fiction, series, cinema",risqué,1er contact,Kalai,Barlow,kalai@obscurafilms.studio,Obscura Films,obscurafilms.studio,Director/Producer,Tanzania,hors territoire,Entreprises creatives (hors verticale directe),,a qualifier,C,a verifier,,,,Origine : écarté lot 2 (pas de source 2025-2026).,vague 4,oui - activite 2025-2026 non confirmee,https://www.linkedin.com/in/kalai-faye-barlow-74829a223/,,nom + structure,"Kalai Faye Barlow - Film Director - Obscura Films (Harare, Zimbabwe)",Localisation affichée Zimbabwe et non Tanzanie : vérifier le pays de la fiche.
Campagne 2 - Production fiction et series,"Maison de production - fiction, series, cinema",non verifiable (serveur muet),1er contact,Philip,Karanja,philip@philitproductions.tv,Phil-It Productions,philitproductions.tv,Co-founder & CEO,Kenya,repousse par Garry,Entreprises creatives (hors verticale directe),,a qualifier,A,a verifier,philip.karanja@philitproductions.tv,,https://www.kbc.co.ke/abel-mutua-philip-karanja-win-at-the-2025-amvca/,"Accroche : Makosa Ni Yangu (AMVCA 2025, première record à 6 000 spectateurs) et Untying Kantai (Showmax) ; maison fondée en 2012. Réserves : MX auto-hébergé (philitproductions.tv, probablement cPanel) ; seule adresse nominative vue = bobb@philitproductions.tv (titulaire inconnu, format indéterminable) ; philittv.com sans MX ; 2e source https://en.wikipedia.org/wiki/Philip_Karanja",vagues 1-3,non,https://www.linkedin.com/in/philip-karanja-766a2592/,https://ke.linkedin.com/company/phil-it-productions,nom + structure,Philip Karanja - PHIL-IT PRODUCTIONS LTD (CEO),Homonymes Samsung Electronics écartés.
Campagne 2 - Production fiction et series,"Maison de production - fiction, series, cinema",non verifiable (serveur muet),2e contact - a sequencer,Abel,Mutua,abel@philitproductions.tv,Phil-It Productions,philitproductions.tv,Co-founder & Creative Director,Kenya,repousse par Garry,Entreprises creatives (hors verticale directe),,a qualifier,B,a verifier,abel.mutua@philitproductions.tv,,https://www.pulse.co.ke/story/abel-mutua-phil-directors-films-shine-at-continental-awards-2025051415202140923,"Accroche : scénariste de Makosa Ni Yangu et Untying Kantai, primés aux AMVCA 2025. Réserves : 2e contact de la même structure (à séquencer après Philip Karanja) ; MX auto-hébergé ; bobb@ vu, format non déductible ; 2e source https://en.wikipedia.org/wiki/Abel_Mutua",vagues 1-3,non,https://www.linkedin.com/in/abel-mutua-3b78591a3/,https://ke.linkedin.com/company/phil-it-productions,nom + structure,Abel Mutua - Phil-It Productions Ltd. (Creative Director),Homonyme écarté : linkedin.com/in/abel-mutua-75650513a/ (IT specialist).
Campagne 2 - Production fiction et series,"Maison de production - fiction, series, cinema",non verifiable (serveur muet),1er contact,Harriet,Gavshon,harriet@quizzical.co.za,Quizzical Pictures,quizzical.co.za,Founder & Creative Director / Executive Producer,South Africa,prioritaire,Entreprises creatives (hors verticale directe),,a qualifier,A,a verifier,harriet.gavshon@quizzical.co.za,,https://www.news24.com/drum/inspiration/from-soul-city-to-reyka-harriet-gavshon-on-empowering-women-making-tv-and-changing-the-game-20260827-0606,"Accroche : Reyka puis la cosy crime « Murder by the Sea » (écrite par Darrel Bristow-Bovey) et « Love & Wine » pour Netflix. Réserves : 2e source https://www.bizcommunity.com/Profile/HarrietGavshon (non datée) ; Wikipedia la dit managing director ; mail via Mimecast (passerelle, fournisseur final inconnu) ; un extrait ZoomInfo masqué (h******@quizzical.co.za, 7 caractères) laisse penser à harriet@, à tester en priorité ; extraits non ouverts.",vagues 1-3,non,https://www.linkedin.com/in/harriet-gavshon-21563756/,https://za.linkedin.com/company/quizzical-pictures,nom + structure,Harriet Gavshon - Quizzical Pictures,"Creative Director et actionnaire, Johannesburg."
"Campagne 3 - Publicite, documentaire et TV factuelle",Groupe media / diffuseur,livrable,1er contact,Colette,Otusheso,colette.otusheso@acceleratetv.com,Accelerate Media Group (AccelerateTV),acceleratetv.com,CEO,Nigeria,prioritaire,Global Creative Events,"Membre du grand jury des Gerety Awards 2026 et presente a NECLive 2025. Jure et non organisatrice : entree par le reseau, pas par la structure.",grand compte,B,a verifier,,Groupe media avec ses propres series originales (Accelerate Studios) et l'Accelerate Filmmaker Project.,https://www.brandinginasia.com/gerety-awards-introduces-the-moments-cut-and-reveals-the-2026-grand-jury/,"Accroche : séries originales Accelerate Studios (Visa on Arrival saison 3, The Olive) et Accelerate Filmmaker Project. 2e source : https://thenet.ng/the-creative-sectors-biggest-challenge-is-the-lack-of-learning-infrastructure-colette-otusheso/ . MX Google Workspace, ~41 employés, fondée en 2014. Réserve : production récente datée 2024 dans les extraits ; un agrégateur (RocketReach) indique first.last@ à 85 %, non observé directement. Head of Production cité : Esse Akwawa (une seule source, non retenu).",vagues 1-3,non,,https://www.linkedin.com/showcase/accelerate-media-group,introuvable,,Aucune URL de profil personnel dans les résultats (seulement page vitrine Accelerate Media Group et un profil collègue).
"Campagne 3 - Publicite, documentaire et TV factuelle",Groupe media / diffuseur,livrable,1er contact,Mo,Abudu,mo@ebonylifemedia.com,EbonyLife Media,ebonylifemedia.com,CEO,Nigeria,prioritaire,Entreprises creatives (hors verticale directe),,grand compte,B,a verifier,,"Classe en groupe media et non en fiction : EbonyLife TV, EbonyLife Films et EbonyLife Studios, accords de coproduction avec Sony Pictures Television.",,"Origine : relance lot 2 (mo.abudu@ inexploitable). Agrégateur annonçait initiale+nom@ : variante mabudu@ 117 salaries, conglomerat EbonyLife TV + Films + Studios",vague 4,non,https://ng.linkedin.com/in/mo-abudu,,nom + structure,mo abudu (Founder & CEO EbonyLife Group selon le résultat),"Profil trouvé via la requête EbonyLife, environ 82 000 abonnés ; titre de l'extrait réduit au nom."
"Campagne 3 - Publicite, documentaire et TV factuelle",Groupe media / diffuseur,non verifiable (serveur muet),1er contact,Afeafa,Nfojoh,afeafa.nfojoh@adesaproductionslimited.com,Adesa Productions Limited (Media General),adesaproductionslimited.com,General Manager,Ghana,prioritaire,Global Creative Events,"Membre du board installe par l'AAG pour organiser les Gong Gong Awards 2026, et Adesa produit la Ghana Premier League depuis 2025/26.",a qualifier,A,a verifier,afeafa.nfojoh@mg.com.gh,Filiale de production du groupe Media General ; produit la Ghana Premier League et les formats TV3.,https://www.graphic.com.gh/lifestyle/life/see-the-10-member-board-inaugurated-by-aag-to-organise-2026-gong-gong-awards.html,"Accroche : Adesa produit la Ghana Premier League depuis 2025/26 (accord GFA juillet 2025) et des formats TV3 (Ghana's Most Beautiful, Mentor). 2e source : https://www.adesaproductionslimited.com/about/leadership + https://www.3music.tv/section/news/article/3music-tv-40-women-in-african-entertainment-2025-03-14 (2025). Réserves : ZoomInfo indique une adresse masquée ****@mg.com.gh (domaine du groupe Media General, Google Workspace) ; le site propre adesaproductionslimited.com a un MX (mail.nitmail.net), alternative afeafa.nfojoh@adesaproductionslimited.com ; un article 3news mentionne aussi une nomination comme GM de 3Group, à vérifier.",vagues 1-3,non,https://www.linkedin.com/in/afeafa-nfojoh-63104474/,https://gh.linkedin.com/company/mediageneralgh,nom + structure,afeafa nfojoh - Media General Ghana (GM APL - Adesa Production Limited),Page company = Media General Ghana (maison mère) ; une page « Adesa Media » existe aussi (linkedin.com/company/adesa-media/) sans certitude de correspondance.
"Campagne 3 - Publicite, documentaire et TV factuelle","Maison de production - publicite, documentaire, TV factuelle",livrable,1er contact,Patience,Stevens,patience.stevens@cardova.tv,Cardova,cardova.tv,Owner & Managing Director,South Africa,prioritaire,Entreprises creatives (hors verticale directe),,a qualifier,B,a verifier,,,https://www.glamour.co.za/lifestyle/top-billing-announces-star-studded-presenter-line-up-for-highly-anticipated-comeback-season-16454309-9fd1-40ef-950e-a8a6c32db3ae,"Accroche : relance de Top Billing sur S3 (30 avril 2026), en plus d'Afternoon Express et d'Expresso. Réserves : ZoomInfo masque les adresses (a***@, s***@…), donc modèle non déterminé ; serveur mail auto-hébergé (mail.cardova.tv) ; 2e source : https://iol.co.za/sunday-tribune/news/2026-04-21-top-billing-returns-a-fresh-chapter-with-new-and-familiar-faces/",vagues 1-3,non,,,introuvable,,"Seuls des homonymes hors secteur (santé, IRB, Akamai) ; aucun profil lié à Cardova ou à la télévision."
"Campagne 3 - Publicite, documentaire et TV factuelle","Maison de production - publicite, documentaire, TV factuelle",livrable,1er contact,Cedric,Karemangingo,cedric@dric.rw,Dric Ent,dric.rw,Founder & Creative Director,Rwanda,prioritaire (territoire francophone),Entreprises creatives (hors verticale directe),,a qualifier,C,a verifier,,,https://www.newtimes.co.rw/article/183591/Entertainment/cedric-karemangingoas-journey-to-video-directing,"Accroche : agence de production pub/clips/documentaires fondée en 2017 (clients MTN, RwandAir, SKOL). 2e source : https://www.zoominfo.com/p/Cedric-Karemangingo/17664782294 (fiche indiquant le poste en 2026) ; l'article New Times est ancien. MX Zoho. ZoomInfo affiche ****@dric.rw masqué ; contact public vu : cedrick.dric@gmail.com (hors domaine). Réserve : structure jeune, orientée clips musicaux.",vagues 1-3,non,https://www.linkedin.com/in/cedric-dric-3874911a1/,,nom + structure,"Cedric Dric - Dric Ent (Kigali, Rwanda)",Nom affiché « Cedric Dric » (nom de marque) et non Karemangingo ; structure et ville concordent.
"Campagne 3 - Publicite, documentaire et TV factuelle","Maison de production - publicite, documentaire, TV factuelle",livrable,1er contact,Cecil,Barry,cecil@redpepper.co.za,Red Pepper Pictures,redpepper.co.za,Chief Executive Officer,South Africa,prioritaire,Entreprises creatives (hors verticale directe),,grand compte,A,a verifier,,,https://www.linkedin.com/in/cecil-barry-5a090817/,"Accroche : Die Brug saison 2 (kykNET, mai 2025), format de télé-réalité produit par Red Pepper. Réserves : structure ancienne (1995, ~120 personnes, studios Linden) ; modèle lu dans un extrait (fiche Gauteng Film Commission non ouverte) ; ZoomInfo affiche c***@redpepper.co.za, cohérent avec cecil@ ; MX Google Workspace ; 2e source : fiche Gauteng Film Commission ; la date 2025 vient d'un crédit LinkedIn, pas d'un article.",vagues 1-3,non,https://www.linkedin.com/in/cecil-barry-5a090817/,,nom + structure,Cecil Barry - Red Pepper Pictures (Pty) Ltd,Confirme l'URL de la source ; homonyme Spoornet écarté.
"Campagne 3 - Publicite, documentaire et TV factuelle","Maison de production - publicite, documentaire, TV factuelle",livrable,1er contact,Benon,Mugumbya,benon@swangzavenue.com,Swangz Avenue,swangzavenue.com,Founder,Uganda,hors territoire,Global Creative Events,"Promotion d'evenements et management d'artistes, d'apres la description de l'entreprise, en plus de la production audio et film.",grand compte,B,a verifier,,"Production audio et film, mais aussi publicite, promotion d'evenements et management d'artistes.",,"Origine : relance lot 2 (benon.mugumbya@ inexploitable). 98 salaries, fondee en 2008",vague 4,non,https://www.linkedin.com/in/benon-mugumbya-566105169/,,nom + structure,Benon Mugumbya - swangz avenue,Toujours associé à Swangz Avenue ; pas de page company LinkedIn trouvée.
"Campagne 3 - Publicite, documentaire et TV factuelle","Maison de production - publicite, documentaire, TV factuelle",livrable,1er contact,Cindy,Gabriel,cindy@giantfilms.tv,Giant Films,giantfilms.tv,Managing Partner,South Africa,prioritaire,Entreprises creatives (hors verticale directe),,petit compte,C,a verifier,,,,"Origine : écarté lot 3 (une seule source). À séquencer après Emma Lundy 2-10 salaries, fondee en 1995",vague 4,oui - activite 2025-2026 non confirmee,https://www.linkedin.com/in/cindy-gabriel-67248934/,https://za.linkedin.com/company/giant-films,nom + structure,"cindy gabriel - Owner, Giant Films",Homonyme écarté : cindy-gabriel-0856b755 (Nettrade Programmatic).
"Campagne 3 - Publicite, documentaire et TV factuelle","Maison de production - publicite, documentaire, TV factuelle",livrable,1er contact,Janette,de Villiers,janette@groundglass.co.za,Groundglass,groundglass.co.za,Founder & Executive Producer,South Africa,prioritaire,Entreprises creatives (hors verticale directe),,a qualifier,C,a verifier,,,,Origine : écarté lot 2 (pas de source 2025-2026).,vague 4,oui - activite 2025-2026 non confirmee,https://www.linkedin.com/in/janette-de-villiers-641486a/,https://za.linkedin.com/company/groundglass,nom + structure,Janette De Villiers - Founder/ Executive Producer - Groundglass,Homonyme proche écarté : Janet De Villiers (Retailability).
"Campagne 3 - Publicite, documentaire et TV factuelle","Maison de production - publicite, documentaire, TV factuelle",livrable,1er contact,Diana,Keam,diana@silverbullet.co.za,Silver Bullet Films,silverbullet.co.za,Co-owner,South Africa,prioritaire,Entreprises creatives (hors verticale directe),,a qualifier,C,a verifier,,,,Origine : écarté lot 2 (pas de source 2025-2026).,vague 4,oui - activite 2025-2026 non confirmee,https://www.linkedin.com/in/diana-keam-94ab889/,,nom + structure,Diana Keam - Silver Bullet Films (Producer & Director),Correspondance claire.
"Campagne 3 - Publicite, documentaire et TV factuelle","Maison de production - publicite, documentaire, TV factuelle",livrable,1er contact,Oloff,Bergh,oloff@triosphere.tv,Triosphere,triosphere.tv,CEO & Executive Producer,South Africa,prioritaire,Entreprises creatives (hors verticale directe),,a qualifier,C,a verifier,,"CEO et producteur executif (Africultures) ; Head of Production dans un autre extrait. Production TV factuelle, logistique de I'm a Celebrity.",https://africultures.com/structures/?no=3824,"Email deviné à la demande (lot 5 bis) sur un domaine dont le lien avec la structure n'est pas prouvé. Deux extraits le citent chez Triosphere (Africultures : CEO/Executive Producer ; Mediaweek https://mediaweek.com.au/the-logistics-of-im-a-celebrity-get-me-out-of-here : Head of Production), aucun date 2025-2026. Pamela Matlala Botolo apparait comme Director sur LinkedIn (https://za.linkedin.com/in/pamela-botolo). triosphere.tv et triosphere.co.za sont chez Microsoft 365 mais aucun extrait ne confirme le domaine : pas de devinette.",vague 5,"oui - aucune source datee 2025-2026, lien domaine/structure non prouve",,,introuvable,,Nombreux homonymes sans mention de Triosphere ni de l'audiovisuel (ex. za.linkedin.com/in/oloff-bergh-183545 Johannesburg ; linkedin.com/in/oloff-bergh-05989251 « Managing Director SSA ») : non retenus.
"Campagne 4 - Evenements, awards et formation",Organisme de formation / academie,livrable,1er contact,Esther,Gbadamosi,starkemmy@gmail.com,Radioxity Media,radioxityacademy.org,CEO / Creative Director,Nigeria,prioritaire,Global Institutions,"Atelier stop-motion co-organise avec Yabatech, etablissement d'enseignement, et Radioxity Stop Motion Academy : entree par la formation.",a qualifier,C,a verifier,esther@radioxityacademy.org,"Double casquette : Radioxity Media (studio stop-motion) et Radioxity Stop Motion Academy. Le domaine et l'accroche sont ceux de l'academie, d'ou le classement en formation.",https://www.thisdaylive.com/2026/04/22/yabatech-boosts-digital-skills-with-stop-motion-animation-visual-storytelling/,"Accroche : pionnière du stop-motion au Nigeria (Berlinale Talents 2023, Mastercard Enablement Fellowship 2024), keynote Yabatech en avril 2026 (2e source : https://afrocritik.com/esther-kemi-gbadamosi-on-taking-nigerian-animated-films-to-berlinale-in-conversation-with-afrocritik/ ; aussi allafrica.com/stories/202604240521.html). Réserves : extraits non ouverts ; petit studio ; radioxitymedia.com (le site indiqué) n'existe pas en DNS, donc j'utilise le domaine de l'académie, MX auto-hébergé ; la seule adresse publiée est une Gmail personnelle (starkemmy@gmail.com, sur un annuaire), qui pourrait servir de repli.",vagues 1-3,non,https://ng.linkedin.com/in/esther-kemi-gbadamosi-981904130,,nom + structure,Esther Kemi Gbadamosi - Radioxity Media,"CEO/Creative Director, stop motion ; profil au nom de Esther Kemi Gbadamosi."
"Campagne 4 - Evenements, awards et formation","Organisateur d'evenements, festivals et awards",risqué,1er contact,Juliet,Asante,juliet@bsiff.org,Black Star International Film Festival (Juliet Asante / Eagle Productions),bsiff.org,Founder & Executive Director,Ghana,prioritaire,Global Cultural Diplomacy,"Accord BSIFF-Majestic Cinemas pour distribuer des films ghaneens en Afrique de l'Ouest francophone, avec doublage anglais/francais. Porte aussi la verticale Creative Events comme fondatrice du festival.",a qualifier,C,a verifier,,"Festival, pas maison de production. Juliet Asante dirige aussi Eagle Productions, qui n'a pas de domaine trouve.",https://deadline.com/2025/09/black-star-film-festival-ghana-ivory-coast-majestic-cinemas-1236566036/,"Accroche : accord de distribution BSIFF–Majestic Cinemas (Côte d'Ivoire) avec doublage anglais/français, pont naturel avec une offre francophone. 2e source : https://en.wikipedia.org/wiki/Juliet_Asante (fondatrice BSIFF et CEO d'Eagle Productions, fondée 1999). Réserves : festival et non maison de production ; Eagle Productions n'a aucun domaine trouvé ; MX bsiff.org auto-hébergé (fournisseur autre).",vagues 1-3,non,,,introuvable,,"Aucun profil LinkedIn dans les résultats (seulement Wikipedia, NFA, presse) ; à noter : ex-CEO de la National Film Authority."
"Campagne 4 - Evenements, awards et formation","Organisateur d'evenements, festivals et awards",risqué,1er contact,Theresa,Ayoade,theresa@charterhouseghana.com,Charterhouse Productions,charterhouseghana.com,Co-Founder & CEO,Ghana,prioritaire,Global Creative Events,"Charterhouse organise les Telecel Ghana Music Awards, 27e edition en mai 2026, 15 ans de partenariat Telecel. C'est bien l'organisme organisateur, pas le nom de l'evenement.",a qualifier,B,solide,,Evenementiel et production TV : c'est bien l'organisme organisateur des Telecel Ghana Music Awards.,https://www.citinewsroom.com/2026/05/telecel-marks-15-years-as-headline-sponsor-of-27th-tgma/,"Accroche : 27e édition des Telecel Ghana Music Awards (mai 2026) et 15 ans de partenariat Telecel ; structure fondée en 2000, surtout événementiel + production audiovisuelle/TV. 2e source : https://yen.com.gh/entertainment/celebrities/284277-charterhouse-ceo-theresa-ayoade-enrols-harvard-business-school-elevate-leadership-skills/ (2025). Modèle prenom@ vu dans un extrait de recherche (page contact non ouverte), cohérent avec ZoomInfo masqué a***@ ; MX auto-hébergé (ms1.cyterrasolutions.com, fournisseur autre).",vagues 1-3,non,https://gh.linkedin.com/in/theresa-ayoade-1bb97796,,nom + structure,Theresa Ayoade - Charterhouse Productions,"Second profil linkedin.com/in/theresa-ayoade-a4a804140/ (Charterhouse Creative Africa Foundation), plus actif en publications ; les deux sont la même personne."
Campagne 5 - Afrique francophone et ocean Indien,Studio d'animation / VFX,livrable,1er contact,Ali,Rguigue,ali@artcoustic.ma,Artcoustic,artcoustic.ma,Dirigeant du studio d'animation (selon presse 2026),Morocco,prioritaire (territoire francophone),Entreprises creatives (hors verticale directe),,a qualifier,A,a verifier,,"Studio d'animation marocain, presse 2026 (TelQuel, Le Matin/TV5MONDE). Ne pas confondre artcoustic.ma avec artcoustic.com, marque d'enceintes.",https://telquel.ma/2026/07/27/animation-morocco-shifts-into-high-gear_1999525,"Lu via extraits de recherche : TelQuel (juil. 2026) et Le Matin (TV5MONDE, 2026) disent Artcoustic 'dirigee par Ali Rguigue' ; portrait TelQuel 2022. Reserve : Mustapha Swinga est presente comme CEO d'Artcoustic (sources 2018, Wikipedia) ; poste exact a verifier. Domaine artcoustic.ma donne comme site par un extrait (ne pas confondre avec artcoustic.com, marque d'enceintes). MX Google : cas 3, prenom@ par defaut. Accroche : series Les Marocains du Ciel, Tourat Al Maghrib.",vague 5,oui - poste a confirmer (Mustapha Swinga presente comme CEO dans d'anciennes sources),https://www.linkedin.com/in/ali-rguigue-20608937/,https://www.linkedin.com/company/artcoustic-solutions/,nom + structure,Ali Rguigue - Flow Motion School (CEO & GM Artcoustic selon l'extrait),Titre affiché : Flow Motion School (école qu'il co-dirige) ; l'extrait le donne aussi CEO & GM d'Artcoustic.
Campagne 5 - Afrique francophone et ocean Indien,Studio d'animation / VFX,livrable,1er contact,Yassine,Lahrichi,yassine@neverseen.ma,Neverseen Productions,neverseen.ma,Fondateur / producteur (dirigeant),Morocco,prioritaire (territoire francophone),Entreprises creatives (hors verticale directe),,a qualifier,A,a verifier,,"Studio d'animation de Casablanca, accord TV5MONDE d'1 M EUR (series Lilya et Rayane, Mini Maestro). Aucun site officiel trouve.",https://telquel.ma/2026/07/27/animation-morocco-shifts-into-high-gear_1999525,"Email deviné à la demande (lot 5 bis) sur un domaine dont le lien avec la structure n'est pas prouvé. Lu via extraits de recherche : fondateur de Neverseen (studio d'animation, Casablanca, ex-Ubisoft) cite par TelQuel (juil. 2026), Le Matin (accord TV5MONDE 1 MEUR, series Lilya et Rayane, Mini Maestro) et Le360 (Abtal Al Aoula). Aucun site trouve : neverseen.ma et neverseenprod.com existent (MX auto-heberge) mais non rattaches. Accroche : partenariat TV5MONDE 2026.",vague 5,oui - lien entre le domaine et la structure non prouve,https://www.linkedin.com/in/yassine-lahrichi-59733219/,,nom + structure,Yassine Lahrichi - Chef d'entreprise - NEVERSEEN,Trois profils au même nom citent tous Neverseen (probables doublons) : yassine-lahrichi-49896024 (Gérant) et yassine-lahrichi-81b768174 ; page structure trouvée seulement sous forme /in/ (ma.linkedin.com/in/neverseen).
Campagne 5 - Afrique francophone et ocean Indien,Studio d'animation / VFX,livrable,1er contact,Sanet,Kritzinger,sanet@sandcastle.mu,Sandcastle Studios,sandcastle.mu,Managing Director,Mauritius,hors territoire,Entreprises creatives (hors verticale directe),,a qualifier,B,a verifier,,Maurice est bilingue : choisir la langue du message avant l'envoi. Studio d'animation (Jungle Beat: The Movie).,https://sandcastle.mu/the-team/,"Lu via extraits de recherche seulement : 'Managing Director' sur la page equipe sandcastle.mu (non datee) ; un second extrait (dossiers Jungle Beat: The Movie, ~2020) la cite comme productrice executive. Pas de source datee 2025-2026 la nommant : reserve sur le poste actuel. Domaine confirme (extraits sandcastle.mu). MX host-h.net (mutualise) + mail.sandcastle.mu : cas 4, une seule adresse prenom@. Studio d'animation mauricien fonde en 2017 par Brent Dawes, coproducteur de Jungle Beat 2 (2025) avec Sunrise Productions (deja traitee aux lots precedents, structure distincte). Autres dirigeants cites : Bernard Lans (CFO), Michelle Steytler (ventes/distribution).",vague 5,oui - poste actuel sans source datee 2025-2026,,,introuvable,,Aucun profil trouvé ; seul résultat Sandcastle Studios concerne un homonyme de structure à Sydney (Chris Cudlipp).
Campagne 5 - Afrique francophone et ocean Indien,Studio d'animation / VFX,risqué,1er contact,Claye,Edou,claye@cledleyproductions.com,Cledley Productions,cledleyproductions.com,"Fondateur et réalisateur (studio d'animation, Douala, créé en 2014)",Cameroon,hors territoire,Entreprises creatives (hors verticale directe),,a qualifier,B,a verifier,,Deux longs metrages d'animation 100 % camerounais : Minga et la cuillere cassee (2017) et Le Mystere de Waza (2024). Source datee 2025 : Cameroon Tribune.,https://africanfilmny.org/?p=38197,"Email deviné à la demande (lot 5 bis) sur un domaine dont le lien avec la structure n'est pas prouvé. Accroche : deux longs métrages d'animation 100 % camerounais (Minga et la cuillère cassée, 2017 ; Le Mystère de Waza, 2024). Réserve : extraits de recherche seulement ; 2e source datée 2025 = https://cameroon-tribune.cm/article.html/73691/fr.html/details_2 ; seulement 2 productions visibles ; aucun site ni domaine trouvé (annuaire maligah.com : téléphone seul), email vide.",vague 5,"oui - lien entre le domaine et la structure non prouve, seulement 2 productions visibles",https://www.linkedin.com/in/claye-edou-a22168b7/,,nom + structure,Claye Edou - Cledley Productions (Director),Correspondance claire.
Campagne 5 - Afrique francophone et ocean Indien,Studio d'animation / VFX,risqué,1er contact,Amath,Ndiaye,amath@obelus.sn,Obelus Films & Animation Studio,obelus.sn,Fondateur / realisateur,Senegal,territoire (non prioritaire),Entreprises creatives (hors verticale directe),,petit compte,B,a verifier,,"Studio d'animation 2D/3D fonde en 2006, 7 salaries. Court Noma projete a l'Institut francais de Dakar le 12/07/2025.",https://africultures.com/films/?no=20059,"Email deviné à la demande (lot 5 bis) sur un domaine dont le lien avec la structure n'est pas prouvé. Lu via extraits : fondateur d'Obelus (2006, animation 2D/3D, 7 salaries) selon coresignal.com et Africultures/Fespaco ; son court d'animation Noma projete a l'Institut francais de Dakar le 12/07/2025 (au-senegal.com), mais cette source 2025 le cite comme realisateur, pas comme dirigeant. Seul studio d'animation du lot ; aucun domaine trouve.",vague 5,"oui - cite comme realisateur, pas comme dirigeant ; lien domaine/structure non prouve",https://www.linkedin.com/in/amath-ndiaye-digitalartist/,https://sn.linkedin.com/company/obelustudio,nom + poste ou secteur,Amath Ndiaye - Responsable Métier Art Graphique et Numerique - ISEP-Thiès,"Titre affiché : ISEP-Thiès (enseignement art graphique/numérique), Obelus non cité dans le titre ; nombreux homonymes (footballeur, UCAD, LES 5 C) écartés."
Campagne 5 - Afrique francophone et ocean Indien,"Maison de production - fiction, series, cinema",livrable,1er contact,Karim,Debbagh,karim@kasbah-films.com,Kasbah Films,kasbah-films.com,Fondateur / producteur (dirigeant),Morocco,prioritaire (territoire francophone),Entreprises creatives (hors verticale directe),,a qualifier,A,a verifier,,"Fondateur, Tanger, 2005. Premier long documentaire Five Eyes au FIFM 2025 (Morocco World News, dec. 2025).",https://www.moroccoworldnews.com/2025/12/270525/moroccan-director-karim-dabbagh-reclaims-paul-bowles-legacy-from-western-gaze/,"Lu via extraits de recherche uniquement (pages non ouvrables) : fondateur de Kasbah Films (Tanger, 2005) cite par Morocco World News (dec. 2025), marrakech-festival.com (doc Five Eyes, FIFM 2025) et kasbah-films.com/karim.php. Domaine confirme par les extraits (kasbah-films.com/karim.php), MX Google : cas 3, prenom@ par defaut (4.6), aucun modele observe. Accroche : premier long documentaire Five Eyes au FIFM 2025 ; production services pour Wheel of Time, Men in Black. Co-dirigeant cite : Michael Dreher.",vague 5,non,https://www.linkedin.com/in/karim-debbagh-59689418/,https://www.linkedin.com/company/kasbah-films,nom + structure,Karim Debbagh - Unternehmensinhaber - kasbah-films,Homonymes écartés : kdebbagh (États-Unis) et karim-debbagh-4a075b118 (Allemagne).
Campagne 5 - Afrique francophone et ocean Indien,"Maison de production - fiction, series, cinema",livrable,1er contact,Fabacary Assymby,Coly,fabacary@fanta-sy.com,Fanta Sy,fanta-sy.com,Cofondateur / producteur,Senegal,territoire (non prioritaire),Entreprises creatives (hors verticale directe),,a qualifier,C,a verifier,,"Cofondateur de Fanta Sy avec Mati Diop (Dahomey, Ours d'or 2024). Cite en 2025 comme producteur, sans mention de Fanta Sy.",https://deadline.com/2024/05/mati-diop-fanta-sy-fabacary-assymby-coly-dahomey-africa-cinema-1235908907,"Email deviné à la demande (lot 5 bis) sur un domaine dont le lien avec la structure n'est pas prouvé. Lu via extraits : cofondateur de Fanta Sy avec Mati Diop (Deadline, mai 2024 ; Dahomey, Ours d'or 2024) ; cite comme producteur au Durban FilmMart 2025 (durbanfilmmart.co.za/fabacary-assymby-coly/) sans mention de Fanta Sy. Aucune trace d'activite de la structure posterieure a 2024 ni de site confirme (fanta-sy.com existe en DNS, non rattache).",vague 5,"oui - aucune activite de la structure trouvee apres 2024, domaine non prouve",,,introuvable,,"Aucune URL de profil ; un extrait le cite comme « Chef d'entreprise / Réalisateur » chez Loguiss Cineprod, sans lien exploitable."
Campagne 5 - Afrique francophone et ocean Indien,"Maison de production - fiction, series, cinema",livrable,1er contact,Jules Soulaymane,Dieng,jules@thielyfilms.com,Thiely Films,thielyfilms.com,Cofondateur / producteur,Senegal,territoire (non prioritaire),Entreprises creatives (hors verticale directe),,a qualifier,B,a verifier,,"Producteur de Fighters (Thiely Films x Colors Films, 1,95 M EUR, tournage au Senegal), Open Doors Locarno 2025. Base aussi en France.",https://cineuropa.org/fr/newsdetail/482021/,"Email deviné à la demande (lot 5 bis) sur un domaine dont le lien avec la structure n'est pas prouvé. Lu via extraits : producteur de Fighters (Thiely Films x Colors Films, budget 1,95 M EUR, tournage integral au Senegal) selon Cineuropa (Open Doors Locarno 2025) ; LBB Online le presente a la tete de Thiely Films avec Julie Mathieu-Moreau et Souleymane Dia. Base aussi en France (Colors). thielyfilms.com existe (MX Infomaniak) mais non confirme : pas de devinette.",vague 5,oui - lien entre le domaine et la structure non prouve,https://www.linkedin.com/in/jules-dieng-047357283/,,nom + poste ou secteur,Jules Dieng - Colors Paris,L'extrait cite Colors Paris (société de production qu'il a cofondée) et non Thiely Films ; prénom composé Soulaymane absent.
Campagne 5 - Afrique francophone et ocean Indien,"Maison de production - fiction, series, cinema",risqué,1er contact,Laza,Razanajatovo,laza@rozifilms.com,Rozifilms,rozifilms.com,Fondateur / directeur (dirigeant),Madagascar,hors territoire,Entreprises creatives (hors verticale directe),,a qualifier,A,a verifier,,"Fondateur, Antananarivo, 2001. Actif en 2026 (L'Express de Madagascar, 09/2026). Fiction, documentaire, animation et services de tournage.",https://en.wikipedia.org/wiki/Laza_Razanajatovo,"Lu via extraits de recherche seulement : fondateur-directeur de Rozifilms (Antananarivo, 2001) selon Wikipedia et biografilm.it ; actif en 2026 (lexpress.mg 09/2026, programmation festival de Rio). Domaine confirme : extraits de rozifilms.com (fiction, doc, animation, services de tournage). MX ma.illi.co.mg = operateur local malgache : cas 4, une seule adresse en prenom@ (il signe 'Laza'), attendre le verdict avant toute autre. Accroche : fondateur des Rencontres du Film Court / Madagascourt, production executive Ocean Indien.",vague 5,non,,,introuvable,,"Aucun profil LinkedIn de Laza Razanajatovo dans les résultats (seulement des homonymes de nom de famille, non liés au cinéma)."
Campagne 5 - Afrique francophone et ocean Indien,"Maison de production - fiction, series, cinema",risqué,1er contact,Nelly,Obono (Belval),nelly@ossoo.tv,Ossoo TV (studios Ossoo),ossoo.tv,"Directrice générale, productrice",Gabon,territoire (ajoute par Garry),Entreprises creatives (hors verticale directe),,a qualifier,A,a verifier,,"Societe de production de la serie Eki (10x52 min) diffusee sur Canal+, malgre le TV du nom. Gabonreview, fev. 2026.",https://www.gabonreview.com/gabon-vers-la-creation-dune-structure-de-production-audiovisuelle-nationale/,"Email deviné à la demande (lot 5 bis) sur un domaine dont le lien avec la structure n'est pas prouvé. Rôle lu via extraits (Gabonreview fév. 2026, Gabonmediatime, Gabonreview 2023 sur le financement de la saison 2 d'Eki) : pages non ouvertes. Ossoo produit la série Eki (10x52 min) diffusée sur Canal+ ; c'est une société de production malgré le « TV » du nom, pas un diffuseur, à confirmer. ossoo.tv existe (MX IONOS) mais aucun extrait ne le relie à la structure : pas de devinette. Accroche : son projet de structure nationale de production présenté au président en février 2026.",vague 5,"oui - lien entre le domaine et la structure non prouve, role lu sur des extraits",https://www.linkedin.com/in/nelly-obono-35759aa5/,,nom + structure,Nelly Obono - Directrice Générale - OSSOO SARL,Homonyme écarté : nelly-obono-aab3781b (Ministère de la Jeunesse et du Sport).
Campagne 5 - Afrique francophone et ocean Indien,Services de tournage,risqué,1er contact,Andreas,Habermeyer,andreas@identicalpictures.com,Identical Pictures,identicalpictures.com,Fondateur / producteur (dirigeant),Mauritius,hors territoire,Entreprises creatives (hors verticale directe),,a qualifier,B,a verifier,,"Societe de services de tournage, pas de contenu propre : Maurice, Seychelles, Madagascar, Reunion, Maldives. Maurice est bilingue.",https://identicalpictures.com/about-us/,"Lu via extraits de recherche seulement : fondateur cite par identicalpictures.com et thelocationguide.com (2013) ; aucune source externe datee 2025-2026 trouvee, le site actuel le presente toujours comme fondateur. Domaine confirme (extraits identicalpictures.com) ; MX Google = cas 3, prenom@ par defaut (4.6). Societe de services de tournage (pas de contenu propre) : Maurice, Seychelles, Madagascar, Reunion, Maldives ; prestataire prefere Netflix et P&G ; societe soeur MediaVision (materiel).",vague 5,oui - aucune source externe datee 2025-2026,https://www.linkedin.com/in/andreas-habermeyer-1301b467/,https://www.linkedin.com/company/identical-pictures,nom + structure,Andreas Habermeyer - Identical Pictures ltd.,Homonyme écarté : Andreas Habermayer (Swiss Life).
