firstName,lastName,email,companyName,companyDomain,jobTitle,country,zone,statutEmail,confiance,personSourceUrl,emailSourceUrl,modeleSourceUrl,emailGenerique,fiabilite,dernierePreuveActivite,priorite,note
Johnson,Mbuotidem,johnson@basementanimation.com,Basement Animation,basementanimation.com,CEO,Nigeria,Nigeria - animation/VFX,devine,aucun modèle observé ; variante prenom@ (prenom.nom@ rejeté par Lemlist au lot 1),,,,,a verifier,,C,Relance de variante après échec de prenom.nom@ ; nom non vérifié sur une page ouverte.
Johnson,Mbuotidem,jmbuotidem@basementanimation.com,Basement Animation,basementanimation.com,CEO,Nigeria,Nigeria - animation/VFX,devine,aucun modèle observé ; variante initiale+nom@ (prenom.nom@ rejeté par Lemlist au lot 1),,,,,a verifier,,C,Relance de variante après échec de prenom.nom@ ; nom non vérifié sur une page ouverte.
Adeoyin,Okuboyejo,adeoyin@taepsanimation.com,Taeps Animation Studios,taepsanimation.com,cofondateur,Nigeria,Nigeria - animation/VFX,devine,aucun modèle observé ; variante prenom@ (prenom.nom@ rejeté par Lemlist au lot 1),,,,,a verifier,,C,Relance de variante après échec de prenom.nom@ ; nom non vérifié sur une page ouverte.
Adeoyin,Okuboyejo,aokuboyejo@taepsanimation.com,Taeps Animation Studios,taepsanimation.com,cofondateur,Nigeria,Nigeria - animation/VFX,devine,aucun modèle observé ; variante initiale+nom@ (prenom.nom@ rejeté par Lemlist au lot 1),,,,,a verifier,,C,Relance de variante après échec de prenom.nom@ ; nom non vérifié sur une page ouverte.
Ayobami,Bello,ayobami@taepsanimation.com,Taeps Animation Studios,taepsanimation.com,cofondateur,Nigeria,Nigeria - animation/VFX,devine,aucun modèle observé ; variante prenom@ (prenom.nom@ rejeté par Lemlist au lot 1),,,,,a verifier,,C,Relance de variante après échec de prenom.nom@ ; nom non vérifié sur une page ouverte.
Ayobami,Bello,abello@taepsanimation.com,Taeps Animation Studios,taepsanimation.com,cofondateur,Nigeria,Nigeria - animation/VFX,devine,aucun modèle observé ; variante initiale+nom@ (prenom.nom@ rejeté par Lemlist au lot 1),,,,,a verifier,,C,Relance de variante après échec de prenom.nom@ ; nom non vérifié sur une page ouverte.
Somto,Ajuluchukwu,somto@vxanimation.com,VXanimation,vxanimation.com,fondateur,Nigeria,Nigeria - animation/VFX,devine,aucun modèle observé ; variante prenom@ (prenom.nom@ rejeté par Lemlist au lot 1),,,,,a verifier,,C,Relance de variante après échec de prenom.nom@ ; nom non vérifié sur une page ouverte.
Somto,Ajuluchukwu,sajuluchukwu@vxanimation.com,VXanimation,vxanimation.com,fondateur,Nigeria,Nigeria - animation/VFX,devine,aucun modèle observé ; variante initiale+nom@ (prenom.nom@ rejeté par Lemlist au lot 1),,,,,a verifier,,C,Relance de variante après échec de prenom.nom@ ; nom non vérifié sur une page ouverte.
Naz,Onuzo,naz@inkblotproductions.com,Inkblot Productions,inkblotproductions.com,cofondateur,Nigeria,Nigeria - production live-action,devine,aucun modèle observé ; variante prenom@ (prenom.nom@ rejeté par Lemlist au lot 1),,,,,a verifier,,C,Relance de variante après échec de prenom.nom@ ; nom non vérifié sur une page ouverte.
Naz,Onuzo,nonuzo@inkblotproductions.com,Inkblot Productions,inkblotproductions.com,cofondateur,Nigeria,Nigeria - production live-action,devine,aucun modèle observé ; variante initiale+nom@ (prenom.nom@ rejeté par Lemlist au lot 1),,,,,a verifier,,C,Relance de variante après échec de prenom.nom@ ; nom non vérifié sur une page ouverte.
Zulumoke,Oyibo,zulumoke@inkblotproductions.com,Inkblot Productions,inkblotproductions.com,cofondateur,Nigeria,Nigeria - production live-action,devine,aucun modèle observé ; variante prenom@ (prenom.nom@ rejeté par Lemlist au lot 1),,,,,a verifier,,C,Relance de variante après échec de prenom.nom@ ; nom non vérifié sur une page ouverte.
Zulumoke,Oyibo,zoyibo@inkblotproductions.com,Inkblot Productions,inkblotproductions.com,cofondateur,Nigeria,Nigeria - production live-action,devine,aucun modèle observé ; variante initiale+nom@ (prenom.nom@ rejeté par Lemlist au lot 1),,,,,a verifier,,C,Relance de variante après échec de prenom.nom@ ; nom non vérifié sur une page ouverte.
Nosipho,Maketo-van den Bragt,nosipho@chocolatetribe.com,Chocolate Tribe,chocolatetribe.com,Managing Director,South Africa,Afrique du Sud - animation/VFX,devine,aucun modèle observé ; variante prenom@ (prenom.nom@ rejeté par Lemlist au lot 1),,,,,a verifier,,C,Relance de variante après échec de prenom.nom@ ; nom non vérifié sur une page ouverte.
Nosipho,Maketo-van den Bragt,nmaketo@chocolatetribe.com,Chocolate Tribe,chocolatetribe.com,Managing Director,South Africa,Afrique du Sud - animation/VFX,devine,aucun modèle observé ; variante initiale+nom@ (prenom.nom@ rejeté par Lemlist au lot 1),,,,,a verifier,,C,Relance de variante après échec de prenom.nom@ ; nom non vérifié sur une page ouverte.
Thierry,Cassuto,thierry@both-worlds.com,Both Worlds,both-worlds.com,fondateur,South Africa,Afrique du Sud - fiction,devine,aucun modèle observé ; variante prenom@ (prenom.nom@ rejeté par Lemlist au lot 1),,,,,a verifier,,C,Relance de variante après échec de prenom.nom@ ; nom non vérifié sur une page ouverte.
Thierry,Cassuto,tcassuto@both-worlds.com,Both Worlds,both-worlds.com,fondateur,South Africa,Afrique du Sud - fiction,devine,aucun modèle observé ; variante initiale+nom@ (prenom.nom@ rejeté par Lemlist au lot 1),,,,,a verifier,,C,Relance de variante après échec de prenom.nom@ ; nom non vérifié sur une page ouverte.
Moroba,Nkawe,moroba@knownassociates.co.za,Known Associates Entertainment,knownassociates.co.za,producteur,South Africa,Afrique du Sud - fiction,devine,aucun modèle observé ; variante prenom@ (prenom.nom@ rejeté par Lemlist au lot 1),,,,,a verifier,,C,Relance de variante après échec de prenom.nom@ ; nom non vérifié sur une page ouverte.
Moroba,Nkawe,mnkawe@knownassociates.co.za,Known Associates Entertainment,knownassociates.co.za,producteur,South Africa,Afrique du Sud - fiction,devine,aucun modèle observé ; variante initiale+nom@ (prenom.nom@ rejeté par Lemlist au lot 1),,,,,a verifier,,C,Relance de variante après échec de prenom.nom@ ; nom non vérifié sur une page ouverte.
Gugu,Zuma-Ncube,gugu@stainedglass.tv,Stained Glass TV,stainedglass.tv,productrice exécutive,South Africa,Afrique du Sud - fiction,devine,aucun modèle observé ; variante prenom@ (prenom.nom@ rejeté par Lemlist au lot 1),,,,,a verifier,,C,Relance de variante après échec de prenom.nom@ ; nom non vérifié sur une page ouverte.
Gugu,Zuma-Ncube,gzuma@stainedglass.tv,Stained Glass TV,stainedglass.tv,productrice exécutive,South Africa,Afrique du Sud - fiction,devine,aucun modèle observé ; variante initiale+nom@ (prenom.nom@ rejeté par Lemlist au lot 1),,,,,a verifier,,C,Relance de variante après échec de prenom.nom@ ; nom non vérifié sur une page ouverte.
Kelvin,Shani,kelvin@sirnare.com,SirNare Animation Studios,sirnare.com,fondateur,Kenya,Kenya - animation/VFX,devine,aucun modèle observé ; variante prenom@ (prenom.nom@ rejeté par Lemlist au lot 1),,,,,a verifier,,C,Relance de variante après échec de prenom.nom@ ; nom non vérifié sur une page ouverte.
Kelvin,Shani,kshani@sirnare.com,SirNare Animation Studios,sirnare.com,fondateur,Kenya,Kenya - animation/VFX,devine,aucun modèle observé ; variante initiale+nom@ (prenom.nom@ rejeté par Lemlist au lot 1),,,,,a verifier,,C,Relance de variante après échec de prenom.nom@ ; nom non vérifié sur une page ouverte.
Grace,Kahaki,grace@insigniaproductions.global,Insignia Productions,insigniaproductions.global,co-fondateur,Kenya,Kenya - production live-action,devine,aucun modèle observé ; variante prenom@ (prenom.nom@ rejeté par Lemlist au lot 1),,,,,a verifier,,C,Relance de variante après échec de prenom.nom@ ; nom non vérifié sur une page ouverte.
Grace,Kahaki,gkahaki@insigniaproductions.global,Insignia Productions,insigniaproductions.global,co-fondateur,Kenya,Kenya - production live-action,devine,aucun modèle observé ; variante initiale+nom@ (prenom.nom@ rejeté par Lemlist au lot 1),,,,,a verifier,,C,Relance de variante après échec de prenom.nom@ ; nom non vérifié sur une page ouverte.
Philippe,Bresson,philippe@insigniaproductions.global,Insignia Productions,insigniaproductions.global,co-fondateur,Kenya,Kenya - production live-action,devine,aucun modèle observé ; variante prenom@ (prenom.nom@ rejeté par Lemlist au lot 1),,,,,a verifier,,C,Relance de variante après échec de prenom.nom@ ; nom non vérifié sur une page ouverte.
Philippe,Bresson,pbresson@insigniaproductions.global,Insignia Productions,insigniaproductions.global,co-fondateur,Kenya,Kenya - production live-action,devine,aucun modèle observé ; variante initiale+nom@ (prenom.nom@ rejeté par Lemlist au lot 1),,,,,a verifier,,C,Relance de variante après échec de prenom.nom@ ; nom non vérifié sur une page ouverte.
Sam,Soko,sam@lbxafrica.com,LBx Africa,lbxafrica.com,co-fondateur,Kenya,Kenya - production live-action,devine,aucun modèle observé ; variante prenom@ (prenom.nom@ rejeté par Lemlist au lot 1),,,,,a verifier,,C,Relance de variante après échec de prenom.nom@ ; nom non vérifié sur une page ouverte.
Sam,Soko,ssoko@lbxafrica.com,LBx Africa,lbxafrica.com,co-fondateur,Kenya,Kenya - production live-action,devine,aucun modèle observé ; variante initiale+nom@ (prenom.nom@ rejeté par Lemlist au lot 1),,,,,a verifier,,C,Relance de variante après échec de prenom.nom@ ; nom non vérifié sur une page ouverte.
Francis,Brown,francis@animaxfybstudios.com,AnimaxFYB Studios,animaxfybstudios.com,CEO/fondateur,Ghana,Ghana,devine,aucun modèle observé ; variante prenom@ (prenom.nom@ rejeté par Lemlist au lot 1),,,,,a verifier,,C,Relance de variante après échec de prenom.nom@ ; nom non vérifié sur une page ouverte.
Francis,Brown,fbrown@animaxfybstudios.com,AnimaxFYB Studios,animaxfybstudios.com,CEO/fondateur,Ghana,Ghana,devine,aucun modèle observé ; variante initiale+nom@ (prenom.nom@ rejeté par Lemlist au lot 1),,,,,a verifier,,C,Relance de variante après échec de prenom.nom@ ; nom non vérifié sur une page ouverte.
Eyram,Tawia,eyram@letiarts.com,Leti Arts,letiarts.com,CEO/cofondateur,Ghana,Ghana,devine,aucun modèle observé ; variante prenom@ (prenom.nom@ rejeté par Lemlist au lot 1),,,,,a verifier,,C,Relance de variante après échec de prenom.nom@ ; nom non vérifié sur une page ouverte.
Eyram,Tawia,etawia@letiarts.com,Leti Arts,letiarts.com,CEO/cofondateur,Ghana,Ghana,devine,aucun modèle observé ; variante initiale+nom@ (prenom.nom@ rejeté par Lemlist au lot 1),,,,,a verifier,,C,Relance de variante après échec de prenom.nom@ ; nom non vérifié sur une page ouverte.
Amil,Shivji,amil@kijiweniproductions.com,Kijiweni Productions,kijiweniproductions.com,fondateur,Tanzania,Tanzanie + Zimbabwe,devine,aucun modèle observé ; variante prenom@ (prenom.nom@ rejeté par Lemlist au lot 1),,,,,a verifier,,C,Relance de variante après échec de prenom.nom@ ; nom non vérifié sur une page ouverte.
Amil,Shivji,ashivji@kijiweniproductions.com,Kijiweni Productions,kijiweniproductions.com,fondateur,Tanzania,Tanzanie + Zimbabwe,devine,aucun modèle observé ; variante initiale+nom@ (prenom.nom@ rejeté par Lemlist au lot 1),,,,,a verifier,,C,Relance de variante après échec de prenom.nom@ ; nom non vérifié sur une page ouverte.
