firstName,lastName,companyName,companyDomain,jobTitle,country,origine,raison
Tope,Oshin,Sunbow Productions,sunbowproductions.com,Founder,Nigeria,écarté lot 2 (domaine non confirmé),"serveur mail muet ou sans MX : ne pas deviner, passer au finder ou LinkedIn"
Jay,Jituboh,Trino Studios,trinostudios.com,Founder,Nigeria,écarté lot 2 (lien personne/structure non confirmé),"serveur mail muet ou sans MX : ne pas deviner, passer au finder ou LinkedIn"
Richard,Morgan-Grenville,Strika Entertainment (Supa Strikas),supastrikas.com,CEO,South Africa,écarté lot 2 (pas de source 2025-2026),"serveur mail muet ou sans MX : ne pas deviner, passer au finder ou LinkedIn"
Tim,Argall,Bugbox Animation,bugbox.co.za,Owner,South Africa,écarté lot 2 (pas de source 2025-2026),"serveur mail muet ou sans MX : ne pas deviner, passer au finder ou LinkedIn"
Basetsana,Kumalo,Tswelopele Productions,tswelopele.co.za,Executive Chairperson,South Africa,écarté lot 2 (mêmes propriétaires que Cardova),"serveur mail muet ou sans MX : ne pas deviner, passer au finder ou LinkedIn"
Noah,Okeyo,Selene Studios,selenestudios.co.ke,CEO,Kenya,écarté lot 2 (hors lot animation),"serveur mail muet ou sans MX : ne pas deviner, passer au finder ou LinkedIn"
Cyril,Ofori,So Fraiche Media,sofraiche.com,Managing Director & Co-founder,Ghana,écarté lot 2 (siège à Londres),"serveur mail muet ou sans MX : ne pas deviner, passer au finder ou LinkedIn"
Sarah,Dowuona,Film Etoile,filmetoile.com,Co-founder,Ghana,écarté lot 2 (pas de 2e source datée),"serveur mail muet ou sans MX : ne pas deviner, passer au finder ou LinkedIn"
Akontam,Issah,Starling Media Ghana,smediagh.online,Founder,Ghana,écarté lot 2 (sources annuaires),"serveur mail muet ou sans MX : ne pas deviner, passer au finder ou LinkedIn"
Esther,Ohrt Paul,Afrotoons,afrotoons.com,Co-founder & CEO,Ghana,écarté lot 2 (lancé en mai 2026),"serveur mail muet ou sans MX : ne pas deviner, passer au finder ou LinkedIn"
Ahmed,Bahar,Masarib,masarib.rw,Founder,Rwanda,écarté lot 2 (dirigeant non confirmé),"serveur mail muet ou sans MX : ne pas deviner, passer au finder ou LinkedIn"
David,Sevuri,True Vision Production,truevision.co.tz,Managing Director,Tanzania,écarté lot 2 (pas de source 2025-2026),"serveur mail muet ou sans MX : ne pas deviner, passer au finder ou LinkedIn"
John,Riber,Media for Development International,mfditanzania.com,Founder & Director,Tanzania,écarté lot 2 (pas de source 2025-2026),"serveur mail muet ou sans MX : ne pas deviner, passer au finder ou LinkedIn"
Roberta,Durrant,Penguin Films,penguinfilms.co.za,Founder,South Africa,écarté lot 3 (pas de source 2025-2026),"serveur mail muet ou sans MX : ne pas deviner, passer au finder ou LinkedIn"
Kethiwe,Ngcobi,Fuzebox Entertainment,fuzebox.co.za,CEO & Founder,South Africa,écarté lot 3 (une seule source),"serveur mail muet ou sans MX : ne pas deviner, passer au finder ou LinkedIn"
Joan,Kabugu,Ecila Films,ecilafilms.com,Managing Director,Kenya,écarté lot 3 (pas de source 2025-2026),"serveur mail muet ou sans MX : ne pas deviner, passer au finder ou LinkedIn"
Nqobizitha,Mlilo,NafunaTV,nafuna.tv,Founder,Zimbabwe,écarté lot 3 (pas de source 2025-2026),"serveur mail muet ou sans MX : ne pas deviner, passer au finder ou LinkedIn"
Shaun,Chitsiga,Bizani Media Productions,bizani.co.zw,Contact,Zimbabwe,écarté lot 3 (rôle non établi),"serveur mail muet ou sans MX : ne pas deviner, passer au finder ou LinkedIn"
