firstName,lastName,email,companyName,companyDomain,jobTitle,country,zone,statutEmail,hebergeurMail,verificationUtile,niveauPreuve,formatEmail,personSourceUrl,emailSourceUrl,modeleSourceUrl,emailGenerique,fiabilite,dernierePreuveActivite,priorite,note
Michael,Muthiga,michael@fatboyanimations.com,FatBoy Animations,fatboyanimations.com,Founder,Kenya,Animation / VFX / immersif,devine,Google Workspace,oui,aucun modele observe,prenom@,,,,,a verifier,,C,Origine : lot 3 sans email (domaine non confirmé).
Adebisi,Adetayo,bisi@32ad.com.ng,32ad Animation Studios,32ad.com.ng,Co-founder & Technical Director,Nigeria,Animation / VFX / immersif,devine,auto-heberge (a deja repondu inexploitable au lot 2),oui,aucun modele observe,autre,,,,,a verifier,,B,Origine : relance lot 2 (adebisi.adetayo@ inexploitable). Connu sous le nom « Bisi » (africanfilmny.org/directors/bisi-adetayo) ; variante adebisi@
Jide,Martin,jide@thecomicrepublic.com,Comic Republic (CR Motion+),thecomicrepublic.com,Founder & CEO,Nigeria,Animation / VFX / immersif,devine,Google Workspace,oui,aucun modele observe,prenom@,,,,,a verifier,,B,Origine : relance lot 2 (jide.martin@ inexploitable). Agrégateur annonçait jidemartin@ : variante
Nissi,Ogulu,nissi@creelestudios.com,Creele Animation Studios,creelestudios.com,Founder,Nigeria,Animation / VFX / immersif,devine,Microsoft 365,oui,aucun modele observe,prenom@,,,,,a verifier,,C,Origine : écarté lot 2 (structure créée en 2025).
Richard,Oboh,richard@orangevfx.com,Orange VFX Studios,orangevfx.com,Founder & CEO,Nigeria,Animation / VFX / immersif,devine,auto-heberge (a deja repondu inexploitable au lot 2),oui,aucun modele observe,prenom@,,,,,a verifier,,B,"Origine : relance lot 2 (richard.oboh@ inexploitable). ZoomInfo masque r***@, cohérent avec richard@"
Uche,Anisiuba,uche@quadronstudios.com,Quadron Studios,quadronstudios.com,CEO,Nigeria,Animation / VFX / immersif,devine,Google Workspace,oui,aucun modele observe,prenom@,,,,,a verifier,,C,Origine : écarté lot 2 (pas de source 2025-2026).
David,Ferreira,david@goldenroad.tv,Golden Road Entertainment,goldenroad.tv,Founder,South Africa,Animation / VFX / immersif,publie,auto-heberge,non,,prenom@,,extrait de recherche (lot 2-3),,,a verifier,,C,Origine : écarté lot 2 (pas de source 2025-2026). Email vu dans un extrait de recherche (publié)
Nic,Buchanan,nic@pixcomm.co.za,Pixcomm,pixcomm.co.za,Owner,South Africa,Animation / VFX / immersif,publie,Microsoft 365,oui,,prenom@,,extrait de recherche (lot 2-3),,,a verifier,,C,Origine : écarté lot 2 (pas d'activité 2025-2026). Email vu dans un extrait de recherche (publié)
Christian,van der Walt,christian@sinisterstudio.co.za,Sinister Studio,sinisterstudio.co.za,Owner,South Africa,Animation / VFX / immersif,devine,Google Workspace,oui,aucun modele observe,prenom@,,,,,a verifier,,C,Origine : écarté lot 2 (pas de source 2025-2026).
Chris,Heaton,chris.heaton@therefinery.co.za,The Refinery,therefinery.co.za,Managing Director,South Africa,Animation / VFX / immersif,devine,Microsoft 365,oui,aucun modele observe,prenom.nom@,,,,,a verifier,,C,Origine : écarté lot 2 (pas de source 2025-2026). Surtout post-production
Eugene,Mbugua,eugene@dnrstudios.co.ke,D&R Studios,dnrstudios.co.ke,Founder & CEO,Kenya,Fiction et production live-action,devine,Zoho,oui,aucun modele observe,prenom@,,,,,a verifier,,B,Origine : relance lot 2 (eugene.mbugua@ inexploitable).
Nick,Mutuma,nick@shotbygiraffe.com,Giraffe Africa Productions,shotbygiraffe.com,Founder,Kenya,Fiction et production live-action,devine,Google Workspace,oui,aucun modele observe,prenom@,,,,,a verifier,,C,Origine : écarté lot 2 (domaine principal sans MX). Domaine alternatif shotbygiraffe.com
Mo,Abudu,mo@ebonylifemedia.com,EbonyLife Media,ebonylifemedia.com,CEO,Nigeria,Fiction et production live-action,devine,Google Workspace,oui,aucun modele observe,prenom@,,,,,a verifier,,B,Origine : relance lot 2 (mo.abudu@ inexploitable). Agrégateur annonçait initiale+nom@ : variante mabudu@
Jadesola,Osiberu,jadesola@greoh.com,Greoh Studios,greoh.com,Founder,Nigeria,Fiction et production live-action,devine,Zoho,oui,aucun modele observe,prenom@,,,,,a verifier,,C,Origine : écarté lot 2 (activité 2025-2026 non confirmée). Connue sous le nom Jáde Osiberu
Moses,Babatope,moses@nilemediagroup.com,Nile Media Entertainment Group,nilemediagroup.com,CEO,Nigeria,Fiction et production live-action,devine,Microsoft 365,oui,aucun modele observe,prenom@,,,,,a verifier,,C,Origine : lot 3 sans email (domaine non confirmé).
Philbert Aimé,Mbabazi Sharangabo,pmbabazi@imitana.com,Imitana Productions,imitana.com,Co-founder & Producer,Rwanda,Fiction et production live-action,devine,auto-heberge (a deja repondu inexploitable au lot 2),oui,aucun modele observe,initiale+nom@,,,,,a verifier,,B,Origine : relance lot 2 (philbert@ inexploitable). prenom@ déjà rejeté : variante initiale+nom@
Remy,Ryumugabe,ryumugabe@kirurimfn.com,KIRURI MFN,kirurimfn.com,Co-founder,Rwanda,Fiction et production live-action,publie,auto-heberge,non,,initiale+nom@,,extrait de recherche (lot 2-3),,,a verifier,,C,Origine : écarté lot 3 (pas de source 2025-2026). Email publié (vu dans un extrait de recherche)
Connie,Ferguson,connie@fergusonfilms.co.za,Ferguson Films,fergusonfilms.co.za,Co-founder,South Africa,Fiction et production live-action,devine,Google Workspace,oui,aucun modele observe,prenom@,,,,,a verifier,,C,Origine : écarté lot 2 (rôle non confirmé 2025-2026).
Rudi,van As,rudi@filmafrika.com,Film Afrika,filmafrika.com,CEO,South Africa,Fiction et production live-action,devine,Microsoft 365,oui,aucun modele observe,prenom@,,,,,a verifier,,B,Origine : relance lot 2 (rudi.vanas@ inexploitable).
Mfundi,Vundla,mfundi.vundla@morula.co.za,Morula Pictures,morula.co.za,Chairman,South Africa,Fiction et production live-action,devine,Microsoft 365,oui,aucun modele observe,prenom.nom@,,,,,a verifier,,C,Origine : écarté lot 2 (hors lot animation).
Leanne,Kumalo,leanne@seriti.tv,Seriti Films,seriti.tv,Managing Director,South Africa,Fiction et production live-action,devine,Google Workspace,oui,aucun modele observe,prenom@,,,,,a verifier,,C,Origine : écarté lot 2 (pas de source 2025-2026).
Michael,Auret,michael@spierfilms.com,Spier Films,spierfilms.com,Managing Director,South Africa,Fiction et production live-action,devine,Google Workspace,oui,aucun modele observe,prenom@,,,,,a verifier,,C,Origine : écarté lot 2 (pas d'activité 2025-2026).
Cait,Pansegrouw,cait@urucumedia.com,Urucu Media,urucumedia.com,Producer,South Africa,Fiction et production live-action,devine,Microsoft 365,oui,aucun modele observe,prenom@,,,,,a verifier,,C,Origine : écarté lot 3 (2e contact de la maison). À séquencer après Elias Ribeiro
Kalai,Barlow,kalai@obscurafilms.studio,Obscura Films,obscurafilms.studio,Director/Producer,Tanzania,Fiction et production live-action,devine,Google Workspace,oui,aucun modele observe,prenom@,,,,,a verifier,,C,Origine : écarté lot 2 (pas de source 2025-2026).
Mathew,Nabwiso,mathew@nabwisofilms.com,Nabwiso Films,nabwisofilms.com,Founder & Managing Director,Uganda,Fiction et production live-action,devine,Zoho,oui,aucun modele observe,prenom@,,,,,a verifier,,B,Origine : relance lot 2 (mathew.nabwiso@ inexploitable). ZoomInfo masque m***@
Eleanor,Nabwiso,eleanor@nabwisofilms.com,Nabwiso Films,nabwisofilms.com,Co-founder & Creative Director,Uganda,Fiction et production live-action,devine,Zoho,oui,aucun modele observe,prenom@,,,,,a verifier,,B,Origine : relance lot 2 (eleanor.nabwiso@ inexploitable). Même maison que Mathew : à séquencer
Joe,Njagu,joe@area46.co.zw,Area 46 Productions,area46.co.zw,Managing Director,Zimbabwe,Fiction et production live-action,devine,Google Workspace,oui,aucun modele observe,prenom@,,,,,a verifier,,C,Origine : écarté lot 2 (une seule source). Agrégateur annonçait prenom.nom@
Cindy,Gabriel,cindy@giantfilms.tv,Giant Films,giantfilms.tv,Managing Partner,South Africa,"Publicité, documentaire et TV factuelle",devine,Google Workspace,oui,aucun modele observe,prenom@,,,,,a verifier,,C,Origine : écarté lot 3 (une seule source). À séquencer après Emma Lundy
Janette,de Villiers,janette@groundglass.co.za,Groundglass,groundglass.co.za,Founder & Executive Producer,South Africa,"Publicité, documentaire et TV factuelle",devine,Microsoft 365,oui,aucun modele observe,prenom@,,,,,a verifier,,C,Origine : écarté lot 2 (pas de source 2025-2026).
Helena,Woodfine,helena@romancefilms.tv,Romance Films,romancefilms.tv,Executive Producer,South Africa,"Publicité, documentaire et TV factuelle",devine,Microsoft 365,oui,aucun modele observe,prenom@,,,,,a verifier,,C,Origine : écarté lot 3 (pas de source 2025-2026).
Sanaa,Mothabisa,smothabisa@sanaafilms.com,Sanaa Films,sanaafilms.com,Founder & Director,South Africa,"Publicité, documentaire et TV factuelle",devine,Google Workspace,oui,aucun modele observe,initiale+nom@,,,,,a verifier,,B,Origine : relance lot 2 (sanaa@ inexploitable). prenom@ déjà rejeté : variante initiale+nom@
Diana,Keam,diana@silverbullet.co.za,Silver Bullet Films,silverbullet.co.za,Co-owner,South Africa,"Publicité, documentaire et TV factuelle",devine,Google Workspace,oui,aucun modele observe,prenom@,,,,,a verifier,,C,Origine : écarté lot 2 (pas de source 2025-2026).
Rehad,Desai,rdesai@uhuruproductions.co.za,Uhuru Productions,uhuruproductions.co.za,Founder,South Africa,"Publicité, documentaire et TV factuelle",devine,auto-heberge (a deja repondu inexploitable au lot 2),oui,aucun modele observe,initiale+nom@,,,,,a verifier,,B,Origine : relance lot 2 (rehad@ inexploitable). prenom@ déjà rejeté : variante initiale+nom@
Benon,Mugumbya,benon@swangzavenue.com,Swangz Avenue,swangzavenue.com,Founder,Uganda,"Publicité, documentaire et TV factuelle",devine,Google Workspace,oui,aucun modele observe,prenom@,,,,,a verifier,,B,Origine : relance lot 2 (benon.mugumbya@ inexploitable).
